<?xml version="1.0" encoding="ISO-8859-1"?>
<product productid="oneallsociallogin" active="1" displayorder="1">
	<title>OneAll Social Login</title>
	<description><![CDATA[Social Login for vBulletin4 allows your users to login and register with their social network accounts. It increases your user registration rate by simplifying the registration and provides demograpic data retrieved from the social network profiles.]]></description> 
	<version>1.1.0</version>
	<url>http://www.oneall.com</url>
	<versioncheckurl />
	<dependencies>
		<dependency dependencytype="php" minversion="5" maxversion="" />
	</dependencies>
	<codes>
		<code version="1.1.0">
			<installcode>
				<![CDATA[		
				
					// Make sure the product exists
					if (!file_exists(DIR . '/'. $vbulletin->config['Misc']['admincpdir'] .'/oneallsociallogin.php'))
					{
						print_dots_stop();
						print_cp_message('Please upload the files that came with <a href="http://docs.oneall.com/plugins/guide/social-login-vbulletin/4/" target="_blank">OneAll Social Login</a> before installing or upgrading!');					
					}
				
					// User Mapping
					// http://docs.oneall.com/api/resources/users/
					$sql = "CREATE TABLE IF NOT EXISTS `". TABLE_PREFIX ."oasl_user` (
			 			`oasl_userid` int(10) unsigned NOT NULL AUTO_INCREMENT, 
			 			`userid` int(10) unsigned NOT NULL, 
			 			`user_token` varchar(36) NOT NULL, 
			 			`date_created` int(10) unsigned NOT NULL, 
			 			PRIMARY KEY (`oasl_userid`), 
			 			UNIQUE KEY `user_token` (`user_token`), 
			 			UNIQUE KEY `userid` (`userid`)
			 		)";
             		$vbulletin->db->query_write($sql);
             
             		// Identity Mapping
             		// http://docs.oneall.com/api/resources/identities/
             		$sql = "CREATE TABLE IF NOT EXISTS `". TABLE_PREFIX ."oasl_identity` (
 						`oasl_identityid` int(10) unsigned NOT NULL AUTO_INCREMENT,
						`oasl_userid` int(10) unsigned NOT NULL,
						`identity_token` varchar(36) NOT NULL,
						`identity_provider` varchar(64) NOT NULL,
						`num_logins` smallint(5) unsigned NOT NULL DEFAULT '0',
						`date_added` int(10) unsigned NOT NULL,
						`date_updated` int(10) unsigned NOT NULL,
						PRIMARY KEY (`oasl_identityid`),
						UNIQUE KEY `oaid` (`oasl_identityid`)
			 		)";
             		$vbulletin->db->query_write($sql);
             		
             		// Sessions
             		$sql = "CREATE TABLE IF NOT EXISTS `". TABLE_PREFIX ."oasl_session` (
						`oasl_sessionid` int(10) unsigned NOT NULL AUTO_INCREMENT,
						`userid` int(10) unsigned NOT NULL,
						`session_token` varchar(36) NOT NULL,
						`date_created` int(10) unsigned NOT NULL,
						PRIMARY KEY (`oasl_sessionid`),
						UNIQUE KEY `user_token` (`session_token`),
						UNIQUE KEY `userid` (`userid`)
					)";
             		$vbulletin->db->query_write($sql);
             		
            	]]>
            </installcode>
            
			<uninstallcode>
				<![CDATA[
					
					$sql = ""DROP TABLE IF EXISTS `" . TABLE_PREFIX . "oasl_user`";
					$vbulletin->db->query_write($sql);
				
               		$sql = ""DROP TABLE IF EXISTS `" . TABLE_PREFIX . "oasl_identity`";
					$vbulletin->db->query_write($sql);
					
					$sql = ""DROP TABLE IF EXISTS `" . TABLE_PREFIX . "oasl_session`";
					$vbulletin->db->query_write($sql);
										
				]]>
			</uninstallcode>
		</code>
	</codes>
	

	<templates>			
		<template name="oneallsociallogin_social_login" templatetype="template" date="0" username="OneAll" version="1.0.0">
			<![CDATA[			
				<vb:if condition="$bbuserinfo['userid'] == 0">		
					<vb:if condition="$oasl_providers != ''">	
						<!-- OneAll.com / Social Login for vBulletin -->
						<div id="oneall_social_login_{vb:raw oasl_rand}"></div>
						<script type="text/javascript">
						<!--
							var _oneall = _oneall || [];
							_oneall.push(
								['social_login', 'set_providers', ['{vb:raw oasl_providers}']],
								['social_login', 'set_callback_uri', '{vb:raw oasl_callback_url}'],
								['social_login', 'set_custom_css_uri', '{vb:raw oasl_custom_css}'],
								['social_login', 'do_render_ui', 'oneall_social_login_{vb:raw oasl_rand}']
							);
						// -->
						</script>	
					<vb:else />	
						<div id="oneallsociallogin_error_box">
							<strong>Warning</strong>! Please enable at least one social network in the Social Login settings in your vBulletin admin area.
						</div>				
					</vb:if>	
				</vb:if>	
			]]>
		</template>			
		<template name="oneallsociallogin_social_login_registration" templatetype="template" date="0" username="OneAll" version="1.0.0">
			<![CDATA[		
				<div class="oneall_social_login_registration">
					<h2 class="blockhead">{vb:raw oasl_caption}</h2>
					<div class="blockbody formcontrols">
						<div class="section">
							<div class="blockrow">
								<vb:if condition="$oasl_providers != ''">						
									<!-- OneAll.com / Social Login for vBulletin -->
									<div class="oneall_social_login" id="oneall_social_login_{vb:raw oasl_rand}"></div>
									<script type="text/javascript">
									<!--
										var _oneall = _oneall || [];
										_oneall.push(
											['social_login', 'set_providers', ['{vb:raw oasl_providers}']],
											['social_login', 'set_callback_uri', '{vb:raw oasl_callback_url}?origin=' + encodeURIComponent (window.location.href)],
											['social_login', 'set_custom_css_uri', '{vb:raw oasl_custom_css}'],
											['social_login', 'do_render_ui', 'oneall_social_login_{vb:raw oasl_rand}']
										);
									// -->
									</script>
								<vb:else />	
									<div id="oneallsociallogin_error_box">
										<strong>Warning</strong>! Please enable at least one social network in the Social Login settings in your vBulletin admin area.
									</div>
								</vb:if>	
							</div>
						</div>
					</div>
				</div>
			]]>
		</template>		
		<template name="oneallsociallogin_social_login_top" templatetype="template" date="0" username="OneAll" version="1.0.0">
			<![CDATA[		
				<vb:if condition="$oasl_providers != ''">
					<vb:if condition="$oasl_caption != ''">
						<li>
							<a class="oneall_social_login_top_links" id="oneall_social_login_{vb:raw oasl_rand}">
								{vb:raw oasl_caption}
							</a>					
							<script type="text/javascript">
							<!--
								var _oneall = _oneall || [];
								_oneall.push(
									['social_login', 'set_providers', ['{vb:raw oasl_providers}']],		
									['social_login', 'set_callback_uri', '{vb:raw oasl_callback_url}?origin=' + encodeURIComponent (window.location.href)],	
									['social_login', 'attach_onclick_popup_ui', 'oneall_social_login_{vb:raw oasl_rand}']
								);
							// -->
							</script>													
						</li>		
					</vb:if>
				</vb:if>
			]]>
		</template>		
		<template name="oneallsociallogin_social_link" templatetype="template" date="0" username="OneAll" version="1.0.0">
			<![CDATA[		
				<vb:if condition="$bbuserinfo['userid'] != 0">
					<vb:if condition="$oasl_providers != ''">						
						<!-- OneAll.com / Social Login for vBulletin -->
						<div class="oneall_social_login" id="oneallsociallogin_link_{vb:raw oasl_rand}"></div>
						<script type="text/javascript">
							<!--
								var _oneall = _oneall || [];
								_oneall.push(
									['social_link', 'set_providers', ['{vb:raw oasl_providers}']],
									['social_link', 'set_callback_uri', '{vb:raw oasl_callback_url}?token={vb:raw oasl_session_token}&amp;origin=' + encodeURIComponent (window.location.href)],
									['social_link', 'set_custom_css_uri', '{vb:raw oasl_custom_css}'],
									['social_link', 'set_user_token', '{vb:raw oasl_user_token}'],	
									['social_link', 'do_render_ui', 'oneallsociallogin_link_{vb:raw oasl_rand}']
								);
							// -->
						</script>
					<vb:else />	
						<div id="oneallsociallogin_error_box">
							<strong>Warning</strong>! Please enable at least one social network in the Social Login settings in your vBulletin admin area.
						</div>
					</vb:if>	
				</vb:if>
			]]>
		</template>		
		<template name="oneallsociallogin_social_link_profile" templatetype="template" date="0" username="OneAll" version="1.0.0">
			<![CDATA[		
				<vb:if condition="$bbuserinfo['userid'] != 0">
					<div class="oneall_social_login_profile">
						<h2 class="blockhead">{vb:raw oasl_caption}</h2>
						<div class="blockbody formcontrols">
							<div class="section">
								<div class="blockrow">
									<vb:if condition="$oasl_providers != ''">						
										<!-- OneAll.com / Social Login for vBulletin -->
										<div class="oneall_social_login" id="oneall_social_login_{vb:raw oasl_rand}"></div>
										<script type="text/javascript">
										<!--
											var _oneall = _oneall || [];
											_oneall.push(
												['social_link', 'set_providers', ['{vb:raw oasl_providers}']],
												['social_link', 'set_callback_uri', '{vb:raw oasl_callback_url}?token={vb:raw oasl_session_token}&amp;origin=' + encodeURIComponent (window.location.href)],
												['social_link', 'set_custom_css_uri', '{vb:raw oasl_custom_css}'],
												['social_link', 'set_user_token', '{vb:raw oasl_user_token}'],	
												['social_link', 'do_render_ui', 'oneall_social_login_{vb:raw oasl_rand}']
											);
										// -->
										</script>
									<vb:else />	
										<div id="oneallsociallogin_error_box">
											<strong>Warning</strong>! Please enable at least one social network in the Social Login settings in your vBulletin admin area.
										</div>
									</vb:if>	
								</div>
							</div>
						</div>
					</div>
				</vb:if>
			]]>
		</template>			
		<template name="oneallsociallogin_library" templatetype="template" date="0" username="OneAll" version="1.0.0">
			<![CDATA[		
				<vb:if condition="$oasl_subdomain != ''">
					<!-- OneAll.com / Social Login for vBulletin -->
					<script type="text/javascript">
					<!--
						var oal = document.createElement("script"); oal.type = "text/javascript"; oal.async = true;
						oal.src = "//{vb:raw oasl_subdomain}.api.oneall.com/socialize/library.js";
						var oas = document.getElementsByTagName("script")[0]; oas.parentNode.insertBefore(oal, oas);
					// -->
					</script>
				</vb:if>
			]]>
		</template>	
	</templates>	
	<plugins>
    	<plugin active="1" executionorder="1">
			<title>Social Login Integration</title>
            <hookname>parse_templates</hookname>
            <phpcode>
            	<![CDATA[
            	            	
            		// Add our class            
            		if ( ! class_exists ('OneAllSocialLogin_Integration', false)) 
            		{
						require (DIR . '/oneallsociallogin/include/integration.php');
					}
					
					// Parse Templates
					OneAllSocialLogin_Integration::parse_templates();		
								
				]]>
			</phpcode>
        </plugin>
	</plugins>		

	<phrases>		
	
		<phrasetype name="GLOBAL" fieldname="global">		
			<phrase name="oneallsociallogin" date="0" username="OneAll" version="1.0.0"><![CDATA[OneAll]]></phrase>
			<phrase name="oneallsociallogin_title" date="0" username="OneAll" version="1.0.0"><![CDATA[OneAll Social Login]]></phrase>
			<phrase name="oneallsociallogin_settings" date="0" username="OneAll" version="1.0.0"><![CDATA[Social Login2]]></phrase>
			<phrase name="oneallsociallogin_menu_title" date="0" username="OneAll" version="1.0.0"><![CDATA[OneAll]]></phrase>
			<phrase name="oneallsociallogin_menu_label" date="0" username="OneAll" version="1.0.0"><![CDATA[Social Login]]></phrase>	
		</phrasetype>		
		
		<phrasetype name="vBulletin Settings" fieldname="vbsettings">	
				 	
		 	<phrase name="settinggroup_oneallsociallogin_login" username="OneAll" version="1.0.0">OneAll Social Login: Social Login Settings</phrase>
		 	<phrase name="settinggroup_oneallsociallogin_link" username="OneAll" version="1.0.0">OneAll Social Login: Social Link Settings</phrase>		 	
		 			 	
			<phrase name="settinggroup_oneallsociallogin_api" username="OneAll" version="1.0.0">OneAll Social Login: API Setup</phrase>
			<phrase name="settinggroup_oneallsociallogin_providers" username="OneAll" version="1.0.0">OneAll Social Login: Social Networks</phrase>
		
			<phrase name="setting_oneallsociallogin_enable_social_login_title" username="OneAll" version="1.0.0"><![CDATA[Enable Social Login?]]></phrase>
			<phrase name="setting_oneallsociallogin_enable_social_login_desc" username="OneAll" version="1.0.0"><![CDATA[If enabled, users can login and register with their social network accounts.]]></phrase>						
			
			<phrase name="setting_oneallsociallogin_social_login_top_caption_title" username="OneAll" version="1.0.0"><![CDATA[Top Links Caption]]></phrase>										
			<phrase name="setting_oneallsociallogin_social_login_top_caption_desc" username="OneAll" version="1.0.0"><![CDATA[This title is displayed near the Social Login icons in the upper navigation bar.]]></phrase>						
		
			<phrase name="setting_oneallsociallogin_social_login_reg_caption_title" username="OneAll" version="1.0.0"><![CDATA[Registration Page Caption]]></phrase>										
			<phrase name="setting_oneallsociallogin_social_login_reg_caption_desc" username="OneAll" version="1.0.0"><![CDATA[This title is displayed above the Social Login icons on the registration page.]]></phrase>						
		
			<phrase name="setting_oneallsociallogin_enable_social_link_title" username="OneAll" version="1.0.0"><![CDATA[Enable Social Link?]]></phrase>
			<phrase name="setting_oneallsociallogin_enable_social_link_desc" username="OneAll" version="1.0.0"><![CDATA[If enabled, users can connect their social network accounts to their existing vBulletin account.]]></phrase>						
		
			<phrase name="setting_oneallsociallogin_social_link_caption_title" username="OneAll" version="1.0.0"><![CDATA[Profile Settings Caption]]></phrase>										
			<phrase name="setting_oneallsociallogin_social_link_caption_desc" username="OneAll"	version="1.0.0"><![CDATA[This title is displayed above the Social Link icons in the users' profile settings.]]></phrase>						
						
			<phrase name="setting_oneallsociallogin_enable_auto_link_title" username="OneAll" version="1.0.0"><![CDATA[Automatically link social network accounts to existing user accounts? ]]></phrase>
			<phrase name="setting_oneallsociallogin_enable_auto_link_desc" username="OneAll" version="1.0.0"><![CDATA[If enabled, social network accounts with a verified email address will be linked to existing user accounts having the same email address.]]></phrase>	

			<phrase name="setting_oneallsociallogin_enable_avatar_upload_title" username="OneAll" version="1.0.0"><![CDATA[Import avatars from the social networks?]]></phrase>
			<phrase name="setting_oneallsociallogin_enable_avatar_upload_desc" username="OneAll" version="1.0.0"><![CDATA[If enabled, user avatars will be retrieved from the social network profiles and stored in your vBulletin folder.]]></phrase>	

			<phrase name="setting_oneallsociallogin_api_port_title" date="0" username="OneAll" version="1.0.0"><![CDATA[Connection Port]]></phrase>
			<phrase name="setting_oneallsociallogin_api_port_desc" date="0" username="OneAll" version="1.0.0"><![CDATA[Select the port to be used to connect to the OneAll API.<br />Your firewall must allow outbound requests on the selected port.]]></phrase>
			
			<phrase name="setting_oneallsociallogin_api_connector_title" date="0" username="OneAll" version="1.0.0"><![CDATA[Connection Handler]]></phrase>
			<phrase name="setting_oneallsociallogin_api_connector_desc" date="0" username="OneAll" version="1.0.0"><![CDATA[Select the connection handler to be used to communicate with the OneAll API.]]></phrase>			
					
			<phrase name="setting_oneallsociallogin_api_autodetect_title" date="0" username="OneAll" version="1.0.0"><![CDATA[Autodetect the best connection handler]]></phrase>
			<phrase name="setting_oneallsociallogin_api_autodetect_desc" date="0" username="OneAll" version="1.0.0"><![CDATA[&nbsp;]]></phrase>
            							
			<phrase name="setting_oneallsociallogin_api_key_title" date="0" username="OneAll" version="1.0.0"><![CDATA[Public Key]]></phrase>		
			<phrase name="setting_oneallsociallogin_api_key_desc" date="0" username="OneAll" version="1.0.0"><![CDATA[Enter the Public Key of your OneAll site.]]></phrase>
					
			<phrase name="setting_oneallsociallogin_api_secret_title" date="0" username="OneAll" version="1.0.0"><![CDATA[Private Key]]></phrase>			
			<phrase name="setting_oneallsociallogin_api_secret_desc" date="0" username="OneAll" version="1.0.0"><![CDATA[Enter the Private Key of your OneAll site.]]></phrase>
												
			<phrase name="setting_oneallsociallogin_api_subdomain_title" date="0" username="OneAll" version="1.0.0"><![CDATA[Subdomain ]]></phrase>			
			<phrase name="setting_oneallsociallogin_api_subdomain_desc" date="0" username="OneAll" version="1.0.0"><![CDATA[Enter the Subdomain of your OneAll site - <a target="_blank" href="https://app.oneall.com/applications/">Click here to obtain your API Credentials</a>]]></phrase>					
			
			<phrase name="setting_oneallsociallogin_api_verify_title" date="0" username="OneAll" version="1.0.0"><![CDATA[Verify your connection settings]]></phrase>
			<phrase name="setting_oneallsociallogin_api_verify_desc" date="0" username="OneAll" version="1.0.0"><![CDATA[&nbsp;]]></phrase>

			<phrase name="setting_oneallsociallogin_provider_amazon_title" date="0" username="OneAll" version="1.0.0">Amazon</phrase>
			<phrase name="setting_oneallsociallogin_provider_amazon_desc" date="0" username="OneAll" version="1.0.0">
				<![CDATA[<div class="oneallsociallogin_provider_setting">
					<span class="oneallsociallogin_provider oneallsociallogin_provider_amazon"></span>
					<span class="oneallsociallogin_provider_setting_caption">Enable Amazon?</span>
				</div>]]>
			</phrase>
			<phrase name="setting_oneallsociallogin_provider_battlenet_title" date="0" username="OneAll" version="1.0.0">Battle.net</phrase>
			<phrase name="setting_oneallsociallogin_provider_battlenet_desc" date="0" username="OneAll" version="1.0.0">
				<![CDATA[<div class="oneallsociallogin_provider_setting">
					<span class="oneallsociallogin_provider oneallsociallogin_provider_battlenet"></span>
					<span class="oneallsociallogin_provider_setting_caption">Enable Battle.net?</span>
				</div>]]>
			</phrase>
			<phrase name="setting_oneallsociallogin_provider_blogger_title" date="0" username="OneAll" version="1.0.0">Blogger</phrase>
			<phrase name="setting_oneallsociallogin_provider_blogger_desc" date="0" username="OneAll" version="1.0.0">
				<![CDATA[<div class="oneallsociallogin_provider_setting">
					<span class="oneallsociallogin_provider oneallsociallogin_provider_blogger"></span>
					<span class="oneallsociallogin_provider_setting_caption">Enable Blogger?</span>
				</div>]]>
			</phrase>
			<phrase name="setting_oneallsociallogin_provider_discord_title" date="0" username="OneAll" version="1.0.0">Discord</phrase>
			<phrase name="setting_oneallsociallogin_provider_discord_desc" date="0" username="OneAll" version="1.0.0">
				<![CDATA[<div class="oneallsociallogin_provider_setting">
					<span class="oneallsociallogin_provider oneallsociallogin_provider_discord"></span>
					<span class="oneallsociallogin_provider_setting_caption">Enable Discord?</span>
				</div>]]>
			</phrase>
			<phrase name="setting_oneallsociallogin_provider_disqus_title" date="0" username="OneAll" version="1.0.0">Disqus</phrase>
			<phrase name="setting_oneallsociallogin_provider_disqus_desc" date="0" username="OneAll" version="1.0.0">
				<![CDATA[<div class="oneallsociallogin_provider_setting">
					<span class="oneallsociallogin_provider oneallsociallogin_provider_disqus"></span>
					<span class="oneallsociallogin_provider_setting_caption">Enable Disqus?</span>
				</div>]]>
			</phrase>
			<phrase name="setting_oneallsociallogin_provider_draugiem_title" date="0" username="OneAll" version="1.0.0">Draugiem</phrase>
			<phrase name="setting_oneallsociallogin_provider_draugiem_desc" date="0" username="OneAll" version="1.0.0">
				<![CDATA[<div class="oneallsociallogin_provider_setting">
					<span class="oneallsociallogin_provider oneallsociallogin_provider_draugiem"></span>
					<span class="oneallsociallogin_provider_setting_caption">Enable Draugiem?</span>
				</div>]]>
			</phrase>			
			<phrase name="setting_oneallsociallogin_provider_dribbble_title" date="0" username="OneAll" version="1.0.0">Dribbble</phrase>
			<phrase name="setting_oneallsociallogin_provider_dribbble_desc" date="0" username="OneAll" version="1.0.0">
				<![CDATA[<div class="oneallsociallogin_provider_setting">
					<span class="oneallsociallogin_provider oneallsociallogin_provider_dribbble"></span>
					<span class="oneallsociallogin_provider_setting_caption">Enable Dribbble?</span>
				</div>]]>
			</phrase>
			<phrase name="setting_oneallsociallogin_provider_facebook_title" date="0" username="OneAll" version="1.0.0">Facebook</phrase>
			<phrase name="setting_oneallsociallogin_provider_facebook_desc" date="0" username="OneAll" version="1.0.0">
				<![CDATA[<div class="oneallsociallogin_provider_setting">
					<span class="oneallsociallogin_provider oneallsociallogin_provider_facebook"></span>
					<span class="oneallsociallogin_provider_setting_caption">Enable Facebook?</span>
				</div>]]>
			</phrase>
			<phrase name="setting_oneallsociallogin_provider_foursquare_title" date="0" username="OneAll" version="1.0.0">Foursquare</phrase>
			<phrase name="setting_oneallsociallogin_provider_foursquare_desc" date="0" username="OneAll" version="1.0.0">
				<![CDATA[<div class="oneallsociallogin_provider_setting">
					<span class="oneallsociallogin_provider oneallsociallogin_provider_foursquare"></span>
					<span class="oneallsociallogin_provider_setting_caption">Enable Foursquare?</span>
				</div>]]>
			</phrase>
			<phrase name="setting_oneallsociallogin_provider_github_title" date="0" username="OneAll" version="1.0.0">Github</phrase>
			<phrase name="setting_oneallsociallogin_provider_github_desc" date="0" username="OneAll" version="1.0.0">
				<![CDATA[<div class="oneallsociallogin_provider_setting">
					<span class="oneallsociallogin_provider oneallsociallogin_provider_github"></span>
					<span class="oneallsociallogin_provider_setting_caption">Enable Github.com?</span>
				</div>]]>
			</phrase>
			<phrase name="setting_oneallsociallogin_provider_google_title" date="0" username="OneAll" version="1.0.0">Google</phrase>
			<phrase name="setting_oneallsociallogin_provider_google_desc" date="0" username="OneAll" version="1.0.0">
				<![CDATA[<div class="oneallsociallogin_provider_setting">
					<span class="oneallsociallogin_provider oneallsociallogin_provider_google"></span>
					<span class="oneallsociallogin_provider_setting_caption">Enable Google?</span>
				</div>]]>
			</phrase>
			<phrase name="setting_oneallsociallogin_provider_instagram_title" date="0" username="OneAll" version="1.0.0">Instagram</phrase>
			<phrase name="setting_oneallsociallogin_provider_instagram_desc" date="0" username="OneAll" version="1.0.0">
				<![CDATA[<div class="oneallsociallogin_provider_setting">
					<span class="oneallsociallogin_provider oneallsociallogin_provider_instagram"></span>
					<span class="oneallsociallogin_provider_setting_caption">Enable Instagram?</span>
				</div>]]>
			</phrase>
			<phrase name="setting_oneallsociallogin_provider_line_title" date="0" username="OneAll" version="1.0.0">Line</phrase>
			<phrase name="setting_oneallsociallogin_provider_line_desc" date="0" username="OneAll" version="1.0.0">
				<![CDATA[<div class="oneallsociallogin_provider_setting">
					<span class="oneallsociallogin_provider oneallsociallogin_provider_line"></span>
					<span class="oneallsociallogin_provider_setting_caption">Enable Line?</span>
				</div>]]>
			</phrase>
			<phrase name="setting_oneallsociallogin_provider_linkedin_title" date="0" username="OneAll" version="1.0.0">LinkedIn</phrase>
			<phrase name="setting_oneallsociallogin_provider_linkedin_desc" date="0" username="OneAll" version="1.0.0">
				<![CDATA[<div class="oneallsociallogin_provider_setting">
					<span class="oneallsociallogin_provider oneallsociallogin_provider_linkedin"></span>
					<span class="oneallsociallogin_provider_setting_caption">Enable LinkedIn?</span>
				</div>]]>
			</phrase>
			<phrase name="setting_oneallsociallogin_provider_livejournal_title" date="0" username="OneAll" version="1.0.0">LiveJournal</phrase>
			<phrase name="setting_oneallsociallogin_provider_livejournal_desc" date="0" username="OneAll" version="1.0.0">
				<![CDATA[<div class="oneallsociallogin_provider_setting">
					<span class="oneallsociallogin_provider oneallsociallogin_provider_livejournal"></span>
					<span class="oneallsociallogin_provider_setting_caption">Enable LiveJournal?</span>
				</div>]]>
			</phrase>
			<phrase name="setting_oneallsociallogin_provider_mailru_title" date="0" username="OneAll" version="1.0.0">Mail.ru</phrase>
			<phrase name="setting_oneallsociallogin_provider_mailru_desc" date="0" username="OneAll" version="1.0.0">
				<![CDATA[<div class="oneallsociallogin_provider_setting">
					<span class="oneallsociallogin_provider oneallsociallogin_provider_mailru"></span>
					<span class="oneallsociallogin_provider_setting_caption">Enable Mail.ru?</span>
				</div>]]>
			</phrase>
			<phrase name="setting_oneallsociallogin_provider_meetup_title" date="0" username="OneAll" version="1.0.0">Meetup</phrase>
			<phrase name="setting_oneallsociallogin_provider_meetup_desc" date="0" username="OneAll" version="1.0.0">
				<![CDATA[<div class="oneallsociallogin_provider_setting">
					<span class="oneallsociallogin_provider oneallsociallogin_provider_meetup"></span>
					<span class="oneallsociallogin_provider_setting_caption">Enable Meetup?</span>
				</div>]]>
			</phrase>
			<phrase name="setting_oneallsociallogin_provider_odnoklassniki_title" date="0" username="OneAll" version="1.0.0">Odnoklassniki</phrase>
			<phrase name="setting_oneallsociallogin_provider_odnoklassniki_desc" date="0" username="OneAll" version="1.0.0">
				<![CDATA[<div class="oneallsociallogin_provider_setting">
					<span class="oneallsociallogin_provider oneallsociallogin_provider_odnoklassniki"></span>
					<span class="oneallsociallogin_provider_setting_caption">Enable Odnoklassniki?</span>
				</div>]]>
			</phrase>
			<phrase name="setting_oneallsociallogin_provider_openid_title" date="0" username="OneAll" version="1.0.0">OpenID</phrase>
			<phrase name="setting_oneallsociallogin_provider_openid_desc" date="0" username="OneAll" version="1.0.0">
				<![CDATA[<div class="oneallsociallogin_provider_setting">
					<span class="oneallsociallogin_provider oneallsociallogin_provider_openid"></span>
					<span class="oneallsociallogin_provider_setting_caption">Enable OpenID?</span>
				</div>]]>
			</phrase>
			<phrase name="setting_oneallsociallogin_provider_paypal_title" date="0" username="OneAll" version="1.0.0">PayPal</phrase>
			<phrase name="setting_oneallsociallogin_provider_paypal_desc" date="0" username="OneAll" version="1.0.0">
				<![CDATA[<div class="oneallsociallogin_provider_setting">
					<span class="oneallsociallogin_provider oneallsociallogin_provider_paypal"></span>
					<span class="oneallsociallogin_provider_setting_caption">Enable PayPal?</span>
				</div>]]>
			</phrase>
			<phrase name="setting_oneallsociallogin_provider_pinterest_title" date="0" username="OneAll" version="1.0.0">Pinterest</phrase>
			<phrase name="setting_oneallsociallogin_provider_pinterest_desc" date="0" username="OneAll" version="1.0.0">
				<![CDATA[<div class="oneallsociallogin_provider_setting">
					<span class="oneallsociallogin_provider oneallsociallogin_provider_pinterest"></span>
					<span class="oneallsociallogin_provider_setting_caption">Enable Pinterest?</span>
				</div>]]>
			</phrase>
			<phrase name="setting_oneallsociallogin_provider_pixelpin_title" date="0" username="OneAll" version="1.0.0">PixelPin</phrase>
			<phrase name="setting_oneallsociallogin_provider_pixelpin_desc" date="0" username="OneAll" version="1.0.0">
				<![CDATA[<div class="oneallsociallogin_provider_setting">
					<span class="oneallsociallogin_provider oneallsociallogin_provider_pixelpin"></span>
					<span class="oneallsociallogin_provider_setting_caption">Enable PixelPin?</span>
				</div>]]>
			</phrase>
			<phrase name="setting_oneallsociallogin_provider_reddit_title" date="0" username="OneAll" version="1.0.0">Reddit</phrase>
			<phrase name="setting_oneallsociallogin_provider_reddit_desc" date="0" username="OneAll" version="1.0.0">
				<![CDATA[<div class="oneallsociallogin_provider_setting">
					<span class="oneallsociallogin_provider oneallsociallogin_provider_reddit"></span>
					<span class="oneallsociallogin_provider_setting_caption">Enable Reddit?</span>
				</div>]]>
			</phrase>
			<phrase name="setting_oneallsociallogin_provider_skyrock_title" date="0" username="OneAll" version="1.0.0">Skyrock.com</phrase>
			<phrase name="setting_oneallsociallogin_provider_skyrock_desc" date="0" username="OneAll" version="1.0.0">
				<![CDATA[<div class="oneallsociallogin_provider_setting">
					<span class="oneallsociallogin_provider oneallsociallogin_provider_skyrock"></span>
					<span class="oneallsociallogin_provider_setting_caption">Enable Skyrock.com?</span>
				</div>]]>
			</phrase>
			<phrase name="setting_oneallsociallogin_provider_soundcloud_title" date="0" username="OneAll" version="1.0.0">SoundCloud</phrase>
			<phrase name="setting_oneallsociallogin_provider_soundcloud_desc" date="0" username="OneAll" version="1.0.0">
				<![CDATA[<div class="oneallsociallogin_provider_setting">
					<span class="oneallsociallogin_provider oneallsociallogin_provider_soundcloud"></span>
					<span class="oneallsociallogin_provider_setting_caption">Enable SoundCloud?</span>
				</div>]]>
			</phrase>
			<phrase name="setting_oneallsociallogin_provider_stackexchange_title" date="0" username="OneAll" version="1.0.0">StackExchange</phrase>
			<phrase name="setting_oneallsociallogin_provider_stackexchange_desc" date="0" username="OneAll" version="1.0.0">
				<![CDATA[<div class="oneallsociallogin_provider_setting">
					<span class="oneallsociallogin_provider oneallsociallogin_provider_stackexchange"></span>
					<span class="oneallsociallogin_provider_setting_caption">Enable StackExchange?</span>
				</div>]]>
			</phrase>
			<phrase name="setting_oneallsociallogin_provider_steam_title" date="0" username="OneAll" version="1.0.0">Steam</phrase>
			<phrase name="setting_oneallsociallogin_provider_steam_desc" date="0" username="OneAll" version="1.0.0">
				<![CDATA[<div class="oneallsociallogin_provider_setting">
					<span class="oneallsociallogin_provider oneallsociallogin_provider_steam"></span>
					<span class="oneallsociallogin_provider_setting_caption">Enable Steam?</span>
				</div>]]>
			</phrase>
			<phrase name="setting_oneallsociallogin_provider_tumblr_title" date="0" username="OneAll" version="1.0.0">Tumblr</phrase>
			<phrase name="setting_oneallsociallogin_provider_tumblr_desc" date="0" username="OneAll" version="1.0.0">
				<![CDATA[<div class="oneallsociallogin_provider_setting">
					<span class="oneallsociallogin_provider oneallsociallogin_provider_tumblr"></span>
					<span class="oneallsociallogin_provider_setting_caption">Enable Tumblr?</span>
				</div>]]>
			</phrase>
			<phrase name="setting_oneallsociallogin_provider_twitch_title" date="0" username="OneAll" version="1.0.0">Twitch.tv</phrase>
			<phrase name="setting_oneallsociallogin_provider_twitch_desc" date="0" username="OneAll" version="1.0.0">
				<![CDATA[<div class="oneallsociallogin_provider_setting">
					<span class="oneallsociallogin_provider oneallsociallogin_provider_twitch"></span>
					<span class="oneallsociallogin_provider_setting_caption">Enable Twitch.tv?</span>
				</div>]]>
			</phrase>
			<phrase name="setting_oneallsociallogin_provider_twitter_title" date="0" username="OneAll" version="1.0.0">Twitter</phrase>
			<phrase name="setting_oneallsociallogin_provider_twitter_desc" date="0" username="OneAll" version="1.0.0">
				<![CDATA[<div class="oneallsociallogin_provider_setting">
					<span class="oneallsociallogin_provider oneallsociallogin_provider_twitter"></span>
					<span class="oneallsociallogin_provider_setting_caption">Enable Twitter?</span>
				</div>]]>
			</phrase>
			<phrase name="setting_oneallsociallogin_provider_vimeo_title" date="0" username="OneAll" version="1.0.0">Vimeo</phrase>
			<phrase name="setting_oneallsociallogin_provider_vimeo_desc" date="0" username="OneAll" version="1.0.0">
				<![CDATA[<div class="oneallsociallogin_provider_setting">
					<span class="oneallsociallogin_provider oneallsociallogin_provider_vimeo"></span>
					<span class="oneallsociallogin_provider_setting_caption">Enable Vimeo?</span>
				</div>]]>
			</phrase>
			<phrase name="setting_oneallsociallogin_provider_vkontakte_title" date="0" username="OneAll" version="1.0.0">VKontakte</phrase>
			<phrase name="setting_oneallsociallogin_provider_vkontakte_desc" date="0" username="OneAll" version="1.0.0">
				<![CDATA[<div class="oneallsociallogin_provider_setting">
					<span class="oneallsociallogin_provider oneallsociallogin_provider_vkontakte"></span>
					<span class="oneallsociallogin_provider_setting_caption">Enable VKontakte?</span>
				</div>]]>
			</phrase>
			<phrase name="setting_oneallsociallogin_provider_weibo_title" date="0" username="OneAll" version="1.0.0">Weibo</phrase>
			<phrase name="setting_oneallsociallogin_provider_weibo_desc" date="0" username="OneAll" version="1.0.0">
				<![CDATA[<div class="oneallsociallogin_provider_setting">
					<span class="oneallsociallogin_provider oneallsociallogin_provider_weibo"></span>
					<span class="oneallsociallogin_provider_setting_caption">Enable Weibo?</span>
				</div>]]>
			</phrase>
			<phrase name="setting_oneallsociallogin_provider_windowslive_title" date="0" username="OneAll" version="1.0.0">Windows Live</phrase>
			<phrase name="setting_oneallsociallogin_provider_windowslive_desc" date="0" username="OneAll" version="1.0.0">
				<![CDATA[<div class="oneallsociallogin_provider_setting">
					<span class="oneallsociallogin_provider oneallsociallogin_provider_windowslive"></span>
					<span class="oneallsociallogin_provider_setting_caption">Enable Windows Live?</span>
				</div>]]>
			</phrase>
			<phrase name="setting_oneallsociallogin_provider_wordpress_title" date="0" username="OneAll" version="1.0.0">WordPress.com</phrase>
			<phrase name="setting_oneallsociallogin_provider_wordpress_desc" date="0" username="OneAll" version="1.0.0">
				<![CDATA[<div class="oneallsociallogin_provider_setting">
					<span class="oneallsociallogin_provider oneallsociallogin_provider_wordpress"></span>
					<span class="oneallsociallogin_provider_setting_caption">Enable WordPress.com?</span>
				</div>]]>
			</phrase>
			<phrase name="setting_oneallsociallogin_provider_xing_title" date="0" username="OneAll" version="1.0.0">Xing</phrase>
			<phrase name="setting_oneallsociallogin_provider_xing_desc" date="0" username="OneAll" version="1.0.0">
				<![CDATA[<div class="oneallsociallogin_provider_setting">
					<span class="oneallsociallogin_provider oneallsociallogin_provider_xing"></span>
					<span class="oneallsociallogin_provider_setting_caption">Enable Xing?</span>
				</div>]]>
			</phrase>
			<phrase name="setting_oneallsociallogin_provider_yahoo_title" date="0" username="OneAll" version="1.0.0">Yahoo</phrase>
			<phrase name="setting_oneallsociallogin_provider_yahoo_desc" date="0" username="OneAll" version="1.0.0">
				<![CDATA[<div class="oneallsociallogin_provider_setting">
					<span class="oneallsociallogin_provider oneallsociallogin_provider_yahoo"></span>
					<span class="oneallsociallogin_provider_setting_caption">Enable Yahoo?</span>
				</div>]]>
			</phrase>
			<phrase name="setting_oneallsociallogin_provider_youtube_title" date="0" username="OneAll" version="1.0.0">YouTube</phrase>
			<phrase name="setting_oneallsociallogin_provider_youtube_desc" date="0" username="OneAll" version="1.0.0">
				<![CDATA[<div class="oneallsociallogin_provider_setting">
					<span class="oneallsociallogin_provider oneallsociallogin_provider_youtube"></span>
					<span class="oneallsociallogin_provider_setting_caption">Enable YouTube?</span>
				</div>]]>
			</phrase>
		</phrasetype>
	</phrases>
	
	<options>
	
		<settinggroup name="oneallsociallogin_login" displayorder="65539">		
			<setting varname="oneallsociallogin_enable_social_login" displayorder="10">
				<datatype>boolean</datatype>
				<optioncode>yesno</optioncode>
				<defaultvalue>1</defaultvalue>
			</setting>		
			
			<setting varname="oneallsociallogin_social_login_top_caption" displayorder="11">
				<datatype>free</datatype>
				<defaultvalue>Connect with a Social Network</defaultvalue>
			</setting>	
				
			<setting varname="oneallsociallogin_social_login_reg_caption" displayorder="11">
				<datatype>free</datatype>
				<defaultvalue>Login with your social network account</defaultvalue>
			</setting>	
					
			<setting varname="oneallsociallogin_enable_auto_link" displayorder="20">
				<datatype>boolean</datatype>
				<optioncode>yesno</optioncode>
				<defaultvalue>1</defaultvalue>
			</setting>				
			<setting varname="oneallsociallogin_enable_avatar_upload" displayorder="30">
				<datatype>boolean</datatype>
				<optioncode>yesno</optioncode>
				<defaultvalue>1</defaultvalue>
			</setting>				
		</settinggroup>				
			
		<settinggroup name="oneallsociallogin_link" displayorder="65540">
			<setting varname="oneallsociallogin_enable_social_link" displayorder="10">
				<datatype>boolean</datatype>
				<optioncode>yesno</optioncode>
				<defaultvalue>1</defaultvalue>
			</setting>			
			<setting varname="oneallsociallogin_social_link_caption" displayorder="21">
				<datatype>free</datatype>
				<defaultvalue>Link your social networks accounts to your user account.</defaultvalue>
			</setting>					
		</settinggroup>
		
		<settinggroup name="oneallsociallogin_api" displayorder="65541">
			<setting varname="oneallsociallogin_api_port" displayorder="10">
				<datatype>free</datatype>
				<optioncode>
					<![CDATA[		
						<div class=\"smallfont\">
							<label for=\"rb_setting[oneallsociallogin_api_port]443\">
								<input type=\"radio\" name=\"setting[oneallsociallogin_api_port]\" id=\"oneallsociallogin_api_port_443\" value=\"443\" " . ($setting['value'] == '443' ? ' checked="checked"' : '') . " />443 - Using port 443 is recommended but you might have to install OpenSSL on your server.
							</label><br />
							<label for=\"rb_setting[oneallsociallogin_api_port]80\">
								<input type=\"radio\" name=\"setting[oneallsociallogin_api_port]\" id=\"oneallsociallogin_api_port_80\" value=\"80\" " . ($setting['value'] == '80' ? ' checked="checked"' : '') . " />80 - Using port 80 is a bit faster, does not need OpenSSL but is less secure.
							</label>
						</div>
					]]>
				</optioncode>
				<defaultvalue>443</defaultvalue>
			</setting>
			<setting varname="oneallsociallogin_api_connector" displayorder="20">
				<datatype>free</datatype>
				<optioncode>
					<![CDATA[
						<div class=\"smallfont\">
							<label for=\"oneallsociallogin_api_connector_curl\">
								<input type=\"radio\" name=\"setting[oneallsociallogin_api_connector]\" id=\"oneallsociallogin_api_connector_curl\" value=\"curl\" " . ($setting['value'] == 'curl' ? ' checked="checked"' : '') . " /> CURL - Using CURL is recommended but it might be disabled on some servers.
							</label><br />
							<label for=\"rb_setting[oneallsociallogin_api_connector]fsockopen\">
								<input type=\"radio\" name=\"setting[oneallsociallogin_api_connector]\" id=\"oneallsociallogin_api_connector_fsockopen\"  value=\"fsockopen\" " . ($setting['value'] == 'fsockopen' ? ' checked="checked"' : '') . " /> FSOCKOPEN - Select FSOCKOPEN if you encounter any problems with CURL.
							</label>
						</div>
					]]>
				</optioncode>
				<defaultvalue>curl</defaultvalue>
			</setting>
			<setting varname="oneallsociallogin_api_autodetect" displayorder="30">
				<datatype>free</datatype>
				<optioncode><![CDATA[
					<button id='oneallsociallogin_api_autodetect_button' type='button'>Autodetect Connection Settings</button>
					<div id='oneallsociallogin_api_autodetect_result'></div>	
					
    				<script type='text/javascript'>				
    			
    				    				
						/* Autodetect API Connection Handler */
						_j('#oneallsociallogin_api_autodetect_button').click(function() {			
							var button = this;
							
							if (_j(button).hasClass('working') === false) {			
								_j(button).addClass('working');			
						
								var message_container = _j('#oneallsociallogin_api_autodetect_result');																							
								message_container.html('Detecting API Connection Settings. Please wait ...');
								message_container.css('color', 'black');
								message_container.css('font-weight', 'bold');
								message_container.css('margin-top', '5px');																		
							
								var ajaxurl = 'oneallsociallogin.php?do=autodetect';
								var data = {};			
			
								_j.post(ajaxurl, data, function(response_string) {				
									var response_parts = response_string.split('|');
									var response_status = response_parts[0];
									var response_flag = response_parts[1];
									var response_text = response_parts[2];
			
									/* CURL/FSOCKOPEN Radio Box */
									var radio_curl = _j('#oneallsociallogin_api_connector_curl');
									var radio_fsockopen = _j('#oneallsociallogin_api_connector_fsockopen');
									var radio_port_80 = _j('#oneallsociallogin_api_port_80');
									var radio_port_443 = _j('#oneallsociallogin_api_port_443');
			
									/* Disable Selection */
									radio_curl.removeAttr('checked');
									radio_fsockopen.removeAttr('checked');
									radio_port_80.removeAttr('checked');
									radio_port_443.removeAttr('checked');
			
									/* CURL detected, HTTPS */
									if (response_flag == 'curl_443') {
										radio_curl.prop('checked', true);
										radio_port_443.prop('checked', true);
									}
									/* CURL detected, HTTP */
									else if (response_flag == 'curl_80') {
										radio_curl.prop('checked', true);
										radio_port_80.prop('checked', true);
									}
									/* FSOCKOPEN detected, HTTPS */
									else if (response_flag == 'fsockopen_443') {
										radio_fsockopen.prop('checked', true);
										radio_port_443.prop('checked', true);
									}
									/* FSOCKOPEN detected, HTTP */
									else if (response_flag == 'fsockopen_80') {
										radio_fsockopen.prop('checked', true);
										radio_port_80.prop('checked', true);
									}
									/* No handler detected */
									else {
										radio_curl.prop('checked', true);
										radio_port_443.prop('checked', true);
									}		
			
									if (response_status == 'success') {
										message_container.css('color', 'green'); 
										message_container.html(response_text);
									} else {
										message_container.css('color', 'red'); 
										message_container.html(response_text);
									}
			
									_j(button).removeClass('working');
								});
							}
							return false;
						});		
    				</script>]]>
    			</optioncode>
			</setting>
			<setting varname="oneallsociallogin_api_subdomain" displayorder="40">
				<datatype>free</datatype>
				<optioncode>
					<![CDATA[<input type=\"text\" size=\"40\" value=\"$setting[value]\" id=\"oneallsociallogin_api_subdomain\" name=\"setting[oneallsociallogin_api_subdomain]\" class=\"bginput\" />]]>
				</optioncode>			
			</setting>			
			<setting varname="oneallsociallogin_api_key" displayorder="50">			
				<datatype>free</datatype>
				<optioncode>
					<![CDATA[<input type=\"text\" size=\"40\" value=\"$setting[value]\" id=\"oneallsociallogin_api_key\" name=\"setting[oneallsociallogin_api_key]\" class=\"bginput\" />]]>
				</optioncode>
			</setting>			
			<setting varname="oneallsociallogin_api_secret" displayorder="60">
				<datatype>free</datatype>
				<optioncode>
					<![CDATA[<input type=\"text\" size=\"40\" value=\"$setting[value]\" id=\"oneallsociallogin_api_secret\" name=\"setting[oneallsociallogin_api_secret]\" class=\"bginput\" />]]>
				</optioncode>
			</setting>			
			<setting varname="oneallsociallogin_api_verify" displayorder="70">
				<datatype>free</datatype>
				<optioncode><![CDATA[
					<button id='oneallsociallogin_api_verify_button' type='button'>Verify API Settings</button>
    			 	<div id='oneallsociallogin_api_verify_result'></div>
 
   					 <script language='javascript'>
   					 
   					 	/* Verify API Settings */
   					 	_j('#oneallsociallogin_api_verify_button').click(function() {
   					 		var button = this;
   					 		
   					 		if (_j(button).hasClass('working') === false) {			
								_j(button).addClass('working');	
																
								var message_container = _j('#oneallsociallogin_api_verify_result');																							
								message_container.html('Verifying API Settings. Please wait ...');
								message_container.css('color', 'black');
								message_container.css('font-weight', 'bold');
								message_container.css('margin-top', '5px');	
								
								var ajaxurl = 'oneallsociallogin.php?do=verify';
								var data = {
									'api_key': (_j('#oneallsociallogin_api_key').val()),
									'api_secret': (_j('#oneallsociallogin_api_secret').val()),
									'api_subdomain': (_j('#oneallsociallogin_api_subdomain').val()),
									'api_connector': (_j('#oneallsociallogin_api_connector_fsockopen').prop('checked') ? 'fsockopen' : 'curl'),
									'api_port': (_j('#oneallsociallogin_api_port_80').prop('checked') ? 80 : 443)
								};			
			
								_j.post(ajaxurl, data, function(response_string) {
								console.log(	response_string);
									var response_parts = response_string.split('|');
									var response_status = response_parts[0];
									var response_flag = response_parts[1];
									var response_text = response_parts[2];								
									
									if (response_status == 'success') {
										message_container.css('color', 'green'); 
										message_container.html(response_text);
									} else {
										message_container.css('color', 'red'); 
										message_container.html(response_text);
									}
									
									_j(button).removeClass('working');		
								});												
							}   	
							return false;				 	
   					 	});       
    				</script>]]>
    			</optioncode>
			</setting>
		</settinggroup>		
		
		<settinggroup name="oneallsociallogin_providers" displayorder="65541">		
			<setting varname="oneallsociallogin_provider_amazon" displayorder="10">
				<datatype>boolean</datatype>
				<optioncode>yesno</optioncode>
				<defaultvalue>0</defaultvalue>
			</setting>
			<setting varname="oneallsociallogin_provider_battlenet" displayorder="20">
				<datatype>boolean</datatype>
				<optioncode>yesno</optioncode>
				<defaultvalue>0</defaultvalue>
			</setting>
			<setting varname="oneallsociallogin_provider_blogger" displayorder="30">
				<datatype>boolean</datatype>
				<optioncode>yesno</optioncode>
				<defaultvalue>0</defaultvalue>
			</setting>
			<setting varname="oneallsociallogin_provider_discord" displayorder="40">
				<datatype>boolean</datatype>
				<optioncode>yesno</optioncode>
				<defaultvalue>0</defaultvalue>
			</setting>
			<setting varname="oneallsociallogin_provider_disqus" displayorder="40">
				<datatype>boolean</datatype>
				<optioncode>yesno</optioncode>
				<defaultvalue>0</defaultvalue>
			</setting>
			<setting varname="oneallsociallogin_provider_draugiem" displayorder="50">
				<datatype>boolean</datatype>
				<optioncode>yesno</optioncode>
				<defaultvalue>0</defaultvalue>
			</setting>
			<setting varname="oneallsociallogin_provider_dribbble" displayorder="50">
				<datatype>boolean</datatype>
				<optioncode>yesno</optioncode>
				<defaultvalue>0</defaultvalue>
			</setting>
			<setting varname="oneallsociallogin_provider_facebook" displayorder="60">
				<datatype>boolean</datatype>
				<optioncode>yesno</optioncode>
				<defaultvalue>1</defaultvalue>
			</setting>
			<setting varname="oneallsociallogin_provider_foursquare" displayorder="70">
				<datatype>boolean</datatype>
				<optioncode>yesno</optioncode>
				<defaultvalue>0</defaultvalue>
			</setting>
			<setting varname="oneallsociallogin_provider_github" displayorder="80">
				<datatype>boolean</datatype>
				<optioncode>yesno</optioncode>
				<defaultvalue>0</defaultvalue>
			</setting>
			<setting varname="oneallsociallogin_provider_google" displayorder="90">
				<datatype>boolean</datatype>
				<optioncode>yesno</optioncode>
				<defaultvalue>1</defaultvalue>
			</setting>
			<setting varname="oneallsociallogin_provider_instagram" displayorder="100">
				<datatype>boolean</datatype>
				<optioncode>yesno</optioncode>
				<defaultvalue>0</defaultvalue>
			</setting>
			<setting varname="oneallsociallogin_provider_line" displayorder="110">
				<datatype>boolean</datatype>
				<optioncode>yesno</optioncode>
				<defaultvalue>0</defaultvalue>
			</setting>
			<setting varname="oneallsociallogin_provider_linkedin" displayorder="110">
				<datatype>boolean</datatype>
				<optioncode>yesno</optioncode>
				<defaultvalue>1</defaultvalue>
			</setting>
			<setting varname="oneallsociallogin_provider_livejournal" displayorder="120">
				<datatype>boolean</datatype>
				<optioncode>yesno</optioncode>
				<defaultvalue>0</defaultvalue>
			</setting>
			<setting varname="oneallsociallogin_provider_mailru" displayorder="130">
				<datatype>boolean</datatype>
				<optioncode>yesno</optioncode>
				<defaultvalue>0</defaultvalue>
			</setting>
			<setting varname="oneallsociallogin_provider_meetup" displayorder="130">
				<datatype>boolean</datatype>
				<optioncode>yesno</optioncode>
				<defaultvalue>0</defaultvalue>
			</setting>
			<setting varname="oneallsociallogin_provider_odnoklassniki" displayorder="140">
				<datatype>boolean</datatype>
				<optioncode>yesno</optioncode>
				<defaultvalue>0</defaultvalue>
			</setting>
			<setting varname="oneallsociallogin_provider_openid" displayorder="150">
				<datatype>boolean</datatype>
				<optioncode>yesno</optioncode>
				<defaultvalue>0</defaultvalue>
			</setting>
			<setting varname="oneallsociallogin_provider_paypal" displayorder="160">
				<datatype>boolean</datatype>
				<optioncode>yesno</optioncode>
				<defaultvalue>0</defaultvalue>
			</setting>
			<setting varname="oneallsociallogin_provider_pinterest" displayorder="160">
				<datatype>boolean</datatype>
				<optioncode>yesno</optioncode>
				<defaultvalue>0</defaultvalue>
			</setting>
			<setting varname="oneallsociallogin_provider_pixelpin" displayorder="160">
				<datatype>boolean</datatype>
				<optioncode>yesno</optioncode>
				<defaultvalue>0</defaultvalue>
			</setting>
			<setting varname="oneallsociallogin_provider_reddit" displayorder="170">
				<datatype>boolean</datatype>
				<optioncode>yesno</optioncode>
				<defaultvalue>0</defaultvalue>
			</setting>
			<setting varname="oneallsociallogin_provider_skyrock" displayorder="180">
				<datatype>boolean</datatype>
				<optioncode>yesno</optioncode>
				<defaultvalue>0</defaultvalue>
			</setting>
			<setting varname="oneallsociallogin_provider_soundcloud" displayorder="190">
				<datatype>boolean</datatype>
				<optioncode>yesno</optioncode>
				<defaultvalue>0</defaultvalue>
			</setting>
			<setting varname="oneallsociallogin_provider_stackexchange" displayorder="190">
				<datatype>boolean</datatype>
				<optioncode>yesno</optioncode>
				<defaultvalue>0</defaultvalue>
			</setting>
			<setting varname="oneallsociallogin_provider_steam" displayorder="200">
				<datatype>boolean</datatype>
				<optioncode>yesno</optioncode>
				<defaultvalue>0</defaultvalue>
			</setting>
			<setting varname="oneallsociallogin_provider_tumblr" displayorder="200">
				<datatype>boolean</datatype>
				<optioncode>yesno</optioncode>
				<defaultvalue>0</defaultvalue>
			</setting>
			<setting varname="oneallsociallogin_provider_twitch" displayorder="210">
				<datatype>boolean</datatype>
				<optioncode>yesno</optioncode>
				<defaultvalue>0</defaultvalue>
			</setting>
			<setting varname="oneallsociallogin_provider_twitter" displayorder="220">
				<datatype>boolean</datatype>
				<optioncode>yesno</optioncode>
				<defaultvalue>1</defaultvalue>
			</setting>
			<setting varname="oneallsociallogin_provider_vimeo" displayorder="230">
				<datatype>boolean</datatype>
				<optioncode>yesno</optioncode>
				<defaultvalue>0</defaultvalue>
			</setting>
			<setting varname="oneallsociallogin_provider_vkontakte" displayorder="240">
				<datatype>boolean</datatype>
				<optioncode>yesno</optioncode>
				<defaultvalue>0</defaultvalue>
			</setting>
			<setting varname="oneallsociallogin_provider_weibo" displayorder="240">
				<datatype>boolean</datatype>
				<optioncode>yesno</optioncode>
				<defaultvalue>0</defaultvalue>
			</setting>
			<setting varname="oneallsociallogin_provider_windowslive" displayorder="250">
				<datatype>boolean</datatype>
				<optioncode>yesno</optioncode>
				<defaultvalue>0</defaultvalue>
			</setting>
			<setting varname="oneallsociallogin_provider_wordpress" displayorder="260">
				<datatype>boolean</datatype>
				<optioncode>yesno</optioncode>
				<defaultvalue>0</defaultvalue>
			</setting>
			<setting varname="oneallsociallogin_provider_xing" displayorder="270">
				<datatype>boolean</datatype>
				<optioncode>yesno</optioncode>
				<defaultvalue>0</defaultvalue>
			</setting>
			<setting varname="oneallsociallogin_provider_yahoo" displayorder="270">
				<datatype>boolean</datatype>
				<optioncode>yesno</optioncode>
				<defaultvalue>0</defaultvalue>
			</setting>
			<setting varname="oneallsociallogin_provider_youtube" displayorder="280">
				<datatype>boolean</datatype>
				<optioncode>yesno</optioncode>
				<defaultvalue>0</defaultvalue>
			</setting>			
		</settinggroup>		
	</options>
</product>