<?xml version="1.0" encoding="ISO-8859-1"?>
<product productid="oneallsociallogin" active="1" displayorder="1">
	<title>OneAll Social Login</title>
	<description><![CDATA[Social Login for vBulletin allows your users to login and register with their social network accounts. It increases your user registration rate by simplifying the registration and provides demograpic data retrieved from the social network profiles.]]></description> 
	<version>2.5.1</version>
	<url>http://www.oneall.com</url>
	<versioncheckurl />
	<dependencies>
		<dependency dependencytype="php" minversion="5" maxversion="" />
	</dependencies>
	<codes>
		<code version="2.5.1">
			<installcode>
				<![CDATA[		
				
					// User Mapping
					// http://docs.oneall.com/api/resources/users/
					$sql = "CREATE TABLE IF NOT EXISTS `". TABLE_PREFIX ."oasl_user` (
			 			`oasl_userid` int(10) unsigned NOT NULL AUTO_INCREMENT, 
			 			`userid` int(10) unsigned NOT NULL, 
			 			`user_token` varchar(36) NOT NULL, 
			 			`date_created` int(10) unsigned NOT NULL, 
			 			PRIMARY KEY (`oasl_userid`), 
			 			UNIQUE KEY `user_token` (`user_token`), 
			 			UNIQUE KEY `userid` (`userid`)
			 		)";
             		$vbulletin->db->query_write($sql);
             
             		// Identity Mapping
             		// http://docs.oneall.com/api/resources/identities/
             		$sql = "CREATE TABLE IF NOT EXISTS `". TABLE_PREFIX ."oasl_identity` (
 						`oasl_identityid` int(10) unsigned NOT NULL AUTO_INCREMENT,
						`oasl_userid` int(10) unsigned NOT NULL,
						`identity_token` varchar(36) NOT NULL,
						`identity_provider` varchar(64) NOT NULL,
						`num_logins` smallint(5) unsigned NOT NULL DEFAULT '0',
						`date_added` int(10) unsigned NOT NULL,
						`date_updated` int(10) unsigned NOT NULL,
						PRIMARY KEY (`oasl_identityid`),
						UNIQUE KEY `oaid` (`oasl_identityid`)
			 		)";
             		$vbulletin->db->query_write($sql);
             		
             		// Sessions
             		$sql = "CREATE TABLE IF NOT EXISTS `". TABLE_PREFIX ."oasl_session` (
						`oasl_sessionid` int(10) unsigned NOT NULL AUTO_INCREMENT,
						`userid` int(10) unsigned NOT NULL,
						`session_token` varchar(36) NOT NULL,
						`date_created` int(10) unsigned NOT NULL,
						PRIMARY KEY (`oasl_sessionid`),
						UNIQUE KEY `user_token` (`session_token`),
						UNIQUE KEY `userid` (`userid`)
					)";
             		$vbulletin->db->query_write($sql);
             		
            	]]>
            </installcode>
            
			<uninstallcode>
				<![CDATA[
					
					$sql = "DROP TABLE IF EXISTS `" . TABLE_PREFIX . "oasl_user`";
					$vbulletin->db->query_write($sql);
				
               		$sql = "DROP TABLE IF EXISTS `" . TABLE_PREFIX . "oasl_identity`";
					$vbulletin->db->query_write($sql);
					
					$sql = "DROP TABLE IF EXISTS `" . TABLE_PREFIX . "oasl_session`";
					$vbulletin->db->query_write($sql);
										
				]]>
			</uninstallcode>
		</code>
	</codes>
	
	<templates>		
		<template name="include_social_link" templatetype="template" date="0" username="OneAll" version="1.0.0">
			<![CDATA[
			
				{vb:data oasl_display, site, display_social_link}
				<vb:if condition="$oasl_display > 0">				
					{vb:data oasl_version, site, version}	
					{vb:data oasl_providers, site, enabled_providers_js}
					{vb:data oasl_num_providers, site, num_enabled_providers}	
					{vb:data oasl_user_token, site, current_user_user_token}
					{vb:data oasl_session_token, site, current_user_session_token}		
					{vb:data oasl_social_link_caption, site, social_link_caption}													
					<div class="l-row l-row__fixed--left h-padding-horiz-xl h-padding-bottom-xxl">
						<div class="l-col__fixed-2 l-col__small--full h-padding-right-m">
							<label class="b-form-input__label" for="field4_29">Social Link</label>
						</div>
						<div class="l-col__flex-2 l-col__small--full">	
							<vb:if condition="$oasl_num_providers > 0">										
								<div id="oneallsociallogin_link_box_profile">
									<vb:if condition="$oasl_social_link_caption != ''">
										<p class="oneallsociallogin_caption">{vb:raw oasl_social_link_caption}</p>
									</vb:if>						
									<!-- OneAll.com / Social Login {vb:raw oasl_version} for vBulletin -->
									<div id="oneallsociallogin_link_box_profile_providers" />
										<script type="text/javascript">
											var _oneall = _oneall || [];
											_oneall.push(
												['social_link', 'set_providers', [{vb:raw oasl_providers}]],
												['social_link', 'set_callback_uri', '{vb:raw vboptions.frontendurl}/core/packages/oneallsociallogin/callback.php?token={vb:raw oasl_session_token}&amp;origin=' + encodeURIComponent (window.location.href)],
												['social_link', 'set_user_token', '{vb:raw oasl_user_token}'],											
												['social_link', 'do_render_ui', 'oneallsociallogin_link_box_profile_providers']
											);
										</script>	
									</div>
								</div>	
							<vb:else />	
								<div id="oneallsociallogin_error_box">
									<strong>Warning</strong>! Please enable at least one social network in the Social Login settings in your vBulletin admin area.
								</div>				
							</vb:if>						
						</div>
					</div>
				</vb:if>
				
			]]>
		</template>
		
		<template name="include_library" templatetype="template" date="0" username="OneAll" version="1.0.0">
			<![CDATA[				
				{vb:data oasl_api_subdomain, site, api_subdomain}
				<vb:if condition="$oasl_api_subdomain != ''">		
					{vb:data oasl_version, site, version}	
					 <!-- OneAll.com / Social Login {vb:raw oasl_version} for vBulletin -->
					<script type="text/javascript">
						var oa = document.createElement('script'); oa.type = 'text/javascript'; oa.async = true;
						oa.src = '//' + '{vb:raw oasl_api_subdomain}.api.oneall.com/socialize/library.js'
						var s = document.getElementsByTagName('script')[0]; s.parentNode.insertBefore(oa, s);
					</script>			
				</vb:if>
				
			]]>
		</template>
		
		<template name="include_css" templatetype="template" date="0" username="OneAll" version="1.0.0">
			<![CDATA[				
				{vb:data oasl_version, site, version}	
			 	<!-- OneAll.com / Social Login {vb:raw oasl_version} for vBulletin -->
				<link href="{vb:raw vboptions.frontendurl}/core/packages/oneallsociallogin/include/assets/css/frontend.css" rel="stylesheet" type="text/css" />
			]]>
		</template>
		
		<template name="oneallsociallogin" templatetype="template" date="0" username="OneAll" version="1.0.0">
			<![CDATA[			
				<vb:if condition="$bbuserinfo['userid'] == 0">			
					{vb:data oasl_version, site, version}
					{vb:data oasl_providers, site, enabled_providers_js}
					{vb:data oasl_num_providers, site, num_enabled_providers}	
					{vb:data oasl_rnd, site, rnd}		
					<vb:if condition="$oasl_num_providers > 0">		
						<!-- OneAll.com / Social Login {vb:raw oasl_version} for vBulletin -->
						<div id="oasl_providers_{vb:raw oasl_rnd}" />
						<script type="text/javascript">
							var _oneall = _oneall || [];
							_oneall.push(
								['social_login', 'set_providers', [{vb:raw oasl_providers}]],
								['social_login', 'set_callback_uri', '{vb:raw vboptions.frontendurl}/core/packages/oneallsociallogin/callback.php?origin=' + encodeURIComponent (window.location.href)],
								['social_login', 'set_custom_css_uri', ((("https:" == document.location.protocol) ? "https://secure" : "http://public") + '.oneallcdn.com/css/api/socialize/themes/vbulletin/default.css')],
								['social_login', 'do_render_ui', 'oasl_providers_{vb:raw oasl_rnd}']
							);
						</script>	
					<vb:else />	
						<div id="oneallsociallogin_error_box">
							<strong>Warning</strong>! Please enable at least one social network in the Social Login settings in your vBulletin admin area.
						</div>				
					</vb:if>	
				</vb:if>	
			]]>
		</template>	
		
		<template name="display_providers_login_box" templatetype="template" date="0" username="OneAll" version="1.0.0">
			<![CDATA[			
				{vb:data oasl_display, site, display_social_login}	 	
				<vb:if condition="$oasl_display > 0">															
					<li class="b-menu__login-iframe-container">
						<vb:if condition="$oasl_num_providers > 0">								
							<div id="oneallsociallogin_login_box_top">
								<vb:if condition="$oasl_social_login_caption != ''">	
									<div class="oneallsociallogin_caption">{vb:raw oasl_social_login_caption}</div>	
								</vb:if>						
								<!-- OneAll.com / Social Login {vb:raw oasl_version} for vBulletin -->
								<div id="oneallsociallogin_login_box_top_providers"></div>
								<script type="text/javascript">
									var _oneall = _oneall || [];
									_oneall.push(
										['social_login', 'set_providers', [{vb:raw oasl_providers}]],
										['social_login', 'set_callback_uri', '{vb:raw vboptions.frontendurl}/core/packages/oneallsociallogin/callback.php?origin=' + encodeURIComponent (window.location.href)],
										['social_login', 'set_grid_sizes', [5, 1]], 
										['social_login', 'set_custom_css_uri', ((("https:" == document.location.protocol) ? "https://secure" : "http://public") + '.oneallcdn.com/css/api/socialize/themes/vbulletin/default.css')],
										['social_login', 'do_render_ui', 'oneallsociallogin_login_box_top_providers']
									);
								</script>	
							</div>
						<vb:else />	
							<div id="oneallsociallogin_error_box">
								<strong>Warning</strong>! Please enable at least one social network in the Social Login settings in your vBulletin admin area.
							</div>				
						</vb:if>						
					</li>
				</vb:if>
			]]>
		</template>	

		<template name="display_providers_login_box_register" templatetype="template" date="0" username="OneAll" version="1.0.0">
			<![CDATA[			
				{vb:data oasl_display, site, display_social_login}	 	
				<vb:if condition="$oasl_display > 0">															
					<div class="b-menu__login-iframe-container">
						<vb:if condition="$oasl_num_providers > 0">								
							<div id="oneallsociallogin_login_box_register">
								<vb:if condition="$oasl_social_login_caption != ''">	
									<div class="oneallsociallogin_caption">{vb:raw oasl_social_login_caption}</div>	
								</vb:if>						
								<!-- OneAll.com / Social Login {vb:raw oasl_version} for vBulletin -->
								<div id="oneallsociallogin_login_register_providers"></div>
								<script type="text/javascript">
									var _oneall = _oneall || [];
									_oneall.push(
										['social_login', 'set_providers', [{vb:raw oasl_providers}]],
										['social_login', 'set_callback_uri', '{vb:raw vboptions.frontendurl}/core/packages/oneallsociallogin/callback.php?origin=' + encodeURIComponent (window.location.href)],
										['social_login', 'set_grid_sizes', [5, 1]], 
										['social_login', 'set_custom_css_uri', ((("https:" == document.location.protocol) ? "https://secure" : "http://public") + '.oneallcdn.com/css/api/socialize/themes/vbulletin/default.css')],
										['social_login', 'do_render_ui', 'oneallsociallogin_login_register_providers']
									);
								</script>	
								<h4>OR</h4>
							</div>
						<vb:else />	
							<div id="oneallsociallogin_error_box">
								<strong>Warning</strong>! Please enable at least one social network in the Social Login settings in your vBulletin admin area.
							</div>				
						</vb:if>						
					</div>
				</vb:if>
			]]>
		</template>	
	</templates>
	
	<stylevardfns>	
	</stylevardfns>	
	
	<stylevars>
	</stylevars>
	
	<hooks>		
		<hook>
			<hookname>settings_profile</hookname>
			<title>OneAll Social Login Link</title>
			<active>1</active>
			<hookorder>11</hookorder>
			<template>include_social_link</template>
			<arguments />
		</hook>	
	
		<hook>
			<hookname>header_head</hookname>
			<title>OneAll Social Login Library</title>
			<active>1</active>
			<hookorder>11</hookorder>
			<template>include_library</template>
			<arguments />
		</hook>	
			
		<hook>
			<hookname>header_head</hookname>
			<title>OneAll Social Login CSS</title>
			<active>1</active>
			<hookorder>12</hookorder>
			<template>include_css</template>
			<arguments />
		</hook>
		
	</hooks>
	<phrases>		
		<phrasetype name="GLOBAL" fieldname="global">		
			<phrase name="oneallsociallogin" date="0" username="OneAll" version="1.0.0"><![CDATA[OneAll]]></phrase>
			<phrase name="oneallsociallogin_title" date="0" username="OneAll" version="1.0.0"><![CDATA[OneAll Social Login]]></phrase>
			<phrase name="oneallsociallogin_settings" date="0" username="OneAll" version="1.0.0"><![CDATA[Social Login2]]></phrase>
			<phrase name="oneallsociallogin_menu_title" date="0" username="OneAll" version="1.0.0"><![CDATA[OneAll]]></phrase>
			<phrase name="oneallsociallogin_menu_label" date="0" username="OneAll" version="1.0.0"><![CDATA[Social Login]]></phrase>	
		</phrasetype>		
		
		<phrasetype name="vBulletin Settings" fieldname="vbsettings">		
				 	
		 	<phrase name="settinggroup_oneallsociallogin_login" username="OneAll" version="1.0.0">Social Login</phrase>
		 	<phrase name="settinggroup_oneallsociallogin_link" username="OneAll" version="1.0.0">Social Link</phrase>		 	
		 			 	
			<phrase name="settinggroup_oneallsociallogin_api" username="OneAll" version="1.0.0">API Setup</phrase>
			<phrase name="settinggroup_oneallsociallogin_providers" username="OneAll" version="1.0.0">Social Networks</phrase>
		
			<phrase name="setting_oneallsociallogin_enable_social_login_title" username="OneAll" version="1.0.0"><![CDATA[Enable Social Login?]]></phrase>
			<phrase name="setting_oneallsociallogin_enable_social_login_desc" username="OneAll" version="1.0.0"><![CDATA[If enabled, users can login and register with their social network accounts.]]></phrase>						
			
			<phrase name="setting_oneallsociallogin_social_login_caption_title" username="OneAll" version="1.0.0"><![CDATA[Social Login Caption]]></phrase>										
			<phrase name="setting_oneallsociallogin_social_login_caption_desc" username="OneAll" version="1.0.0"><![CDATA[This title is displayed above the Social Login icons.]]></phrase>						
		
			<phrase name="setting_oneallsociallogin_enable_social_link_title" username="OneAll" version="1.0.0"><![CDATA[Enable Social Link?]]></phrase>
			<phrase name="setting_oneallsociallogin_enable_social_link_desc" username="OneAll" version="1.0.0"><![CDATA[If enabled, users can connect their social network accounts to their existing vBulletin account.]]></phrase>						
		
			<phrase name="setting_oneallsociallogin_social_link_caption_title" username="OneAll" version="1.0.0"><![CDATA[Social Link Caption]]></phrase>										
			<phrase name="setting_oneallsociallogin_social_link_caption_desc" username="OneAll"	version="1.0.0"><![CDATA[This title is displayed above the Social Link icons.]]></phrase>						
						
			<phrase name="setting_oneallsociallogin_enable_auto_link_title" username="OneAll" version="1.0.0"><![CDATA[Automatically link social network accounts to existing user accounts? ]]></phrase>
			<phrase name="setting_oneallsociallogin_enable_auto_link_desc" username="OneAll" version="1.0.0"><![CDATA[If enabled, social network accounts with a verified email address will be linked to existing user accounts having the same email address.]]></phrase>	

			<phrase name="setting_oneallsociallogin_enable_avatar_upload_title" username="OneAll" version="1.0.0"><![CDATA[Import avatars from the social networks?]]></phrase>
			<phrase name="setting_oneallsociallogin_enable_avatar_upload_desc" username="OneAll" version="1.0.0"><![CDATA[If enabled, user avatars will be retrieved from the social network profiles and stored in your vBulletin folder.]]></phrase>	

			<phrase name="setting_oneallsociallogin_api_port_title" date="0" username="OneAll" version="1.0.0"><![CDATA[Connection Port]]></phrase>
			<phrase name="setting_oneallsociallogin_api_port_desc" date="0" username="OneAll" version="1.0.0"><![CDATA[Select the port to be used to connect to the OneAll API.<br />Your firewall must allow outbound requests on the selected port.]]></phrase>
			
			<phrase name="setting_oneallsociallogin_api_connector_title" date="0" username="OneAll" version="1.0.0"><![CDATA[Connection Handler]]></phrase>
			<phrase name="setting_oneallsociallogin_api_connector_desc" date="0" username="OneAll" version="1.0.0"><![CDATA[Select the connection handler to be used to communicate with the OneAll API.]]></phrase>			
					
			<phrase name="setting_oneallsociallogin_api_autodetect_title" date="0" username="OneAll" version="1.0.0"><![CDATA[&nbsp;]]></phrase>
			<phrase name="setting_oneallsociallogin_api_autodetect_desc" date="0" username="OneAll" version="1.0.0"><![CDATA[&nbsp;]]></phrase>
            							
			<phrase name="setting_oneallsociallogin_api_key_title" date="0" username="OneAll" version="1.0.0"><![CDATA[Public Key]]></phrase>		
			<phrase name="setting_oneallsociallogin_api_key_desc" date="0" username="OneAll" version="1.0.0"><![CDATA[Enter the Public Key of your OneAll site.]]></phrase>
					
			<phrase name="setting_oneallsociallogin_api_secret_title" date="0" username="OneAll" version="1.0.0"><![CDATA[Private Key]]></phrase>			
			<phrase name="setting_oneallsociallogin_api_secret_desc" date="0" username="OneAll" version="1.0.0"><![CDATA[Enter the Private Key of your OneAll site.]]></phrase>
												
			<phrase name="setting_oneallsociallogin_api_subdomain_title" date="0" username="OneAll" version="1.0.0"><![CDATA[Subdomain ]]></phrase>			
			<phrase name="setting_oneallsociallogin_api_subdomain_desc" date="0" username="OneAll" version="1.0.0"><![CDATA[Enter the Subdomain of your OneAll site - <a target="_blank" href="https://app.oneall.com/applications/">Click here to obtain your API Credentials</a>]]></phrase>					
			
			<phrase name="setting_oneallsociallogin_api_verify_title" date="0" username="OneAll" version="1.0.0"><![CDATA[&nbsp;]]></phrase>
			<phrase name="setting_oneallsociallogin_api_verify_desc" date="0" username="OneAll" version="1.0.0"><![CDATA[&nbsp;]]></phrase>

			<phrase name="setting_oneallsociallogin_provider_amazon_title" date="0" username="OneAll" version="1.0.0"></phrase>
			<phrase name="setting_oneallsociallogin_provider_amazon_desc" date="0" username="OneAll" version="1.0.0">
				<![CDATA[<div class="oneallsociallogin_provider_setting">
					<span class="oneallsociallogin_provider oneallsociallogin_provider_amazon"></span>
					<span class="oneallsociallogin_provider_setting_caption">Enable Amazon?</span>
				</div>]]>
			</phrase>
			<phrase name="setting_oneallsociallogin_provider_battlenet_title" date="0" username="OneAll" version="1.0.0"></phrase>
			<phrase name="setting_oneallsociallogin_provider_battlenet_desc" date="0" username="OneAll" version="1.0.0">
				<![CDATA[<div class="oneallsociallogin_provider_setting">
					<span class="oneallsociallogin_provider oneallsociallogin_provider_battlenet"></span>
					<span class="oneallsociallogin_provider_setting_caption">Enable Battle.net?</span>
				</div>]]>
			</phrase>
			<phrase name="setting_oneallsociallogin_provider_blogger_title" date="0" username="OneAll" version="1.0.0"></phrase>
			<phrase name="setting_oneallsociallogin_provider_blogger_desc" date="0" username="OneAll" version="1.0.0">
				<![CDATA[<div class="oneallsociallogin_provider_setting">
					<span class="oneallsociallogin_provider oneallsociallogin_provider_blogger"></span>
					<span class="oneallsociallogin_provider_setting_caption">Enable Blogger?</span>
				</div>]]>
			</phrase>
			<phrase name="setting_oneallsociallogin_provider_discord_title" date="0" username="OneAll" version="1.0.0"></phrase>
			<phrase name="setting_oneallsociallogin_provider_discord_desc" date="0" username="OneAll" version="1.0.0">
				<![CDATA[<div class="oneallsociallogin_provider_setting">
					<span class="oneallsociallogin_provider oneallsociallogin_provider_discord"></span>
					<span class="oneallsociallogin_provider_setting_caption">Enable Discord?</span>
				</div>]]>
			</phrase>
			<phrase name="setting_oneallsociallogin_provider_disqus_title" date="0" username="OneAll" version="1.0.0"></phrase>
			<phrase name="setting_oneallsociallogin_provider_disqus_desc" date="0" username="OneAll" version="1.0.0">
				<![CDATA[<div class="oneallsociallogin_provider_setting">
					<span class="oneallsociallogin_provider oneallsociallogin_provider_disqus"></span>
					<span class="oneallsociallogin_provider_setting_caption">Enable Disqus?</span>
				</div>]]>
			</phrase>
			<phrase name="setting_oneallsociallogin_provider_draugiem_title" date="0" username="OneAll" version="1.0.0"></phrase>
			<phrase name="setting_oneallsociallogin_provider_draugiem_desc" date="0" username="OneAll" version="1.0.0">
				<![CDATA[<div class="oneallsociallogin_provider_setting">
					<span class="oneallsociallogin_provider oneallsociallogin_provider_draugiem"></span>
					<span class="oneallsociallogin_provider_setting_caption">Enable Draugiem?</span>
				</div>]]>
			</phrase>
			<phrase name="setting_oneallsociallogin_provider_dribbble_title" date="0" username="OneAll" version="1.0.0"></phrase>
			<phrase name="setting_oneallsociallogin_provider_dribbble_desc" date="0" username="OneAll" version="1.0.0">
				<![CDATA[<div class="oneallsociallogin_provider_setting">
					<span class="oneallsociallogin_provider oneallsociallogin_provider_dribbble"></span>
					<span class="oneallsociallogin_provider_setting_caption">Enable Dribbble?</span>
				</div>]]>
			</phrase>
			<phrase name="setting_oneallsociallogin_provider_facebook_title" date="0" username="OneAll" version="1.0.0"></phrase>
			<phrase name="setting_oneallsociallogin_provider_facebook_desc" date="0" username="OneAll" version="1.0.0">
				<![CDATA[<div class="oneallsociallogin_provider_setting">
					<span class="oneallsociallogin_provider oneallsociallogin_provider_facebook"></span>
					<span class="oneallsociallogin_provider_setting_caption">Enable Facebook?</span>
				</div>]]>
			</phrase>
			<phrase name="setting_oneallsociallogin_provider_foursquare_title" date="0" username="OneAll" version="1.0.0"></phrase>
			<phrase name="setting_oneallsociallogin_provider_foursquare_desc" date="0" username="OneAll" version="1.0.0">
				<![CDATA[<div class="oneallsociallogin_provider_setting">
					<span class="oneallsociallogin_provider oneallsociallogin_provider_foursquare"></span>
					<span class="oneallsociallogin_provider_setting_caption">Enable Foursquare?</span>
				</div>]]>
			</phrase>
			<phrase name="setting_oneallsociallogin_provider_github_title" date="0" username="OneAll" version="1.0.0"></phrase>
			<phrase name="setting_oneallsociallogin_provider_github_desc" date="0" username="OneAll" version="1.0.0">
				<![CDATA[<div class="oneallsociallogin_provider_setting">
					<span class="oneallsociallogin_provider oneallsociallogin_provider_github"></span>
					<span class="oneallsociallogin_provider_setting_caption">Enable Github.com?</span>
				</div>]]>
			</phrase>
			<phrase name="setting_oneallsociallogin_provider_google_title" date="0" username="OneAll" version="1.0.0"></phrase>
			<phrase name="setting_oneallsociallogin_provider_google_desc" date="0" username="OneAll" version="1.0.0">
				<![CDATA[<div class="oneallsociallogin_provider_setting">
					<span class="oneallsociallogin_provider oneallsociallogin_provider_google"></span>
					<span class="oneallsociallogin_provider_setting_caption">Enable Google?</span>
				</div>]]>
			</phrase>
			<phrase name="setting_oneallsociallogin_provider_instagram_title" date="0" username="OneAll" version="1.0.0"></phrase>
			<phrase name="setting_oneallsociallogin_provider_instagram_desc" date="0" username="OneAll" version="1.0.0">
				<![CDATA[<div class="oneallsociallogin_provider_setting">
					<span class="oneallsociallogin_provider oneallsociallogin_provider_instagram"></span>
					<span class="oneallsociallogin_provider_setting_caption">Enable Instagram?</span>
				</div>]]>
			</phrase>
			<phrase name="setting_oneallsociallogin_provider_line_title" date="0" username="OneAll" version="1.0.0"></phrase>
			<phrase name="setting_oneallsociallogin_provider_line_desc" date="0" username="OneAll" version="1.0.0">
				<![CDATA[<div class="oneallsociallogin_provider_setting">
					<span class="oneallsociallogin_provider oneallsociallogin_provider_line"></span>
					<span class="oneallsociallogin_provider_setting_caption">Enable Line?</span>
				</div>]]>
			</phrase>
			<phrase name="setting_oneallsociallogin_provider_linkedin_title" date="0" username="OneAll" version="1.0.0"></phrase>
			<phrase name="setting_oneallsociallogin_provider_linkedin_desc" date="0" username="OneAll" version="1.0.0">
				<![CDATA[<div class="oneallsociallogin_provider_setting">
					<span class="oneallsociallogin_provider oneallsociallogin_provider_linkedin"></span>
					<span class="oneallsociallogin_provider_setting_caption">Enable LinkedIn?</span>
				</div>]]>
			</phrase>
			<phrase name="setting_oneallsociallogin_provider_livejournal_title" date="0" username="OneAll" version="1.0.0"></phrase>
			<phrase name="setting_oneallsociallogin_provider_livejournal_desc" date="0" username="OneAll" version="1.0.0">
				<![CDATA[<div class="oneallsociallogin_provider_setting">
					<span class="oneallsociallogin_provider oneallsociallogin_provider_livejournal"></span>
					<span class="oneallsociallogin_provider_setting_caption">Enable LiveJournal?</span>
				</div>]]>
			</phrase>
			<phrase name="setting_oneallsociallogin_provider_mailru_title" date="0" username="OneAll" version="1.0.0"></phrase>
			<phrase name="setting_oneallsociallogin_provider_mailru_desc" date="0" username="OneAll" version="1.0.0">
				<![CDATA[<div class="oneallsociallogin_provider_setting">
					<span class="oneallsociallogin_provider oneallsociallogin_provider_mailru"></span>
					<span class="oneallsociallogin_provider_setting_caption">Enable Mail.ru?</span>
				</div>]]>
			</phrase>
			<phrase name="setting_oneallsociallogin_provider_meetup_title" date="0" username="OneAll" version="1.0.0"></phrase>
			<phrase name="setting_oneallsociallogin_provider_meetup_desc" date="0" username="OneAll" version="1.0.0">
				<![CDATA[<div class="oneallsociallogin_provider_setting">
					<span class="oneallsociallogin_provider oneallsociallogin_provider_meetup"></span>
					<span class="oneallsociallogin_provider_setting_caption">Enable Meetup?</span>
				</div>]]>
			</phrase>
			<phrase name="setting_oneallsociallogin_provider_mixer_title" date="0" username="OneAll" version="1.0.0"></phrase>
			<phrase name="setting_oneallsociallogin_provider_mixer_desc" date="0" username="OneAll" version="1.0.0">
				<![CDATA[<div class="oneallsociallogin_provider_setting">
					<span class="oneallsociallogin_provider oneallsociallogin_provider_mixer"></span>
					<span class="oneallsociallogin_provider_setting_caption">Enable Mixer?</span>
				</div>]]>
			</phrase>
			<phrase name="setting_oneallsociallogin_provider_odnoklassniki_title" date="0" username="OneAll" version="1.0.0"></phrase>
			<phrase name="setting_oneallsociallogin_provider_odnoklassniki_desc" date="0" username="OneAll" version="1.0.0">
				<![CDATA[<div class="oneallsociallogin_provider_setting">
					<span class="oneallsociallogin_provider oneallsociallogin_provider_odnoklassniki"></span>
					<span class="oneallsociallogin_provider_setting_caption">Enable Odnoklassniki?</span>
				</div>]]>
			</phrase>
			<phrase name="setting_oneallsociallogin_provider_openid_title" date="0" username="OneAll" version="1.0.0"></phrase>
			<phrase name="setting_oneallsociallogin_provider_openid_desc" date="0" username="OneAll" version="1.0.0">
				<![CDATA[<div class="oneallsociallogin_provider_setting">
					<span class="oneallsociallogin_provider oneallsociallogin_provider_openid"></span>
					<span class="oneallsociallogin_provider_setting_caption">Enable OpenID?</span>
				</div>]]>
			</phrase>
			<phrase name="setting_oneallsociallogin_provider_patreon_title" date="0" username="OneAll" version="1.0.0"></phrase>
			<phrase name="setting_oneallsociallogin_provider_patreon_desc" date="0" username="OneAll" version="1.0.0">
				<![CDATA[<div class="oneallsociallogin_provider_setting">
					<span class="oneallsociallogin_provider oneallsociallogin_provider_patreon"></span>
					<span class="oneallsociallogin_provider_setting_caption">Enable Patreon?</span>
				</div>]]>
			</phrase>
			<phrase name="setting_oneallsociallogin_provider_paypal_title" date="0" username="OneAll" version="1.0.0"></phrase>
			<phrase name="setting_oneallsociallogin_provider_paypal_desc" date="0" username="OneAll" version="1.0.0">
				<![CDATA[<div class="oneallsociallogin_provider_setting">
					<span class="oneallsociallogin_provider oneallsociallogin_provider_paypal"></span>
					<span class="oneallsociallogin_provider_setting_caption">Enable PayPal?</span>
				</div>]]>
			</phrase>
			<phrase name="setting_oneallsociallogin_provider_pinterest_title" date="0" username="OneAll" version="1.0.0"></phrase>
			<phrase name="setting_oneallsociallogin_provider_pinterest_desc" date="0" username="OneAll" version="1.0.0">
				<![CDATA[<div class="oneallsociallogin_provider_setting">
					<span class="oneallsociallogin_provider oneallsociallogin_provider_pinterest"></span>
					<span class="oneallsociallogin_provider_setting_caption">Enable Pinterest?</span>
				</div>]]>
			</phrase>
			<phrase name="setting_oneallsociallogin_provider_pixelpin_title" date="0" username="OneAll" version="1.0.0"></phrase>
			<phrase name="setting_oneallsociallogin_provider_pixelpin_desc" date="0" username="OneAll" version="1.0.0">
				<![CDATA[<div class="oneallsociallogin_provider_setting">
					<span class="oneallsociallogin_provider oneallsociallogin_provider_pixelpin"></span>
					<span class="oneallsociallogin_provider_setting_caption">Enable PixelPin?</span>
				</div>]]>
			</phrase>
			<phrase name="setting_oneallsociallogin_provider_reddit_title" date="0" username="OneAll" version="1.0.0"></phrase>
			<phrase name="setting_oneallsociallogin_provider_reddit_desc" date="0" username="OneAll" version="1.0.0">
				<![CDATA[<div class="oneallsociallogin_provider_setting">
					<span class="oneallsociallogin_provider oneallsociallogin_provider_reddit"></span>
					<span class="oneallsociallogin_provider_setting_caption">Enable Reddit?</span>
				</div>]]>
			</phrase>
			<phrase name="setting_oneallsociallogin_provider_skyrock_title" date="0" username="OneAll" version="1.0.0"></phrase>
			<phrase name="setting_oneallsociallogin_provider_skyrock_desc" date="0" username="OneAll" version="1.0.0">
				<![CDATA[<div class="oneallsociallogin_provider_setting">
					<span class="oneallsociallogin_provider oneallsociallogin_provider_skyrock"></span>
					<span class="oneallsociallogin_provider_setting_caption">Enable Skyrock.com?</span>
				</div>]]>
			</phrase>
			<phrase name="setting_oneallsociallogin_provider_soundcloud_title" date="0" username="OneAll" version="1.0.0"></phrase>
			<phrase name="setting_oneallsociallogin_provider_soundcloud_desc" date="0" username="OneAll" version="1.0.0">
				<![CDATA[<div class="oneallsociallogin_provider_setting">
					<span class="oneallsociallogin_provider oneallsociallogin_provider_soundcloud"></span>
					<span class="oneallsociallogin_provider_setting_caption">Enable SoundCloud?</span>
				</div>]]>
			</phrase>
			<phrase name="setting_oneallsociallogin_provider_stackexchange_title" date="0" username="OneAll" version="1.0.0"></phrase>
			<phrase name="setting_oneallsociallogin_provider_stackexchange_desc" date="0" username="OneAll" version="1.0.0">
				<![CDATA[<div class="oneallsociallogin_provider_setting">
					<span class="oneallsociallogin_provider oneallsociallogin_provider_stackexchange"></span>
					<span class="oneallsociallogin_provider_setting_caption">Enable StackExchange?</span>
				</div>]]>
			</phrase>
			<phrase name="setting_oneallsociallogin_provider_steam_title" date="0" username="OneAll" version="1.0.0"></phrase>
			<phrase name="setting_oneallsociallogin_provider_steam_desc" date="0" username="OneAll" version="1.0.0">
				<![CDATA[<div class="oneallsociallogin_provider_setting">
					<span class="oneallsociallogin_provider oneallsociallogin_provider_steam"></span>
					<span class="oneallsociallogin_provider_setting_caption">Enable Steam?</span>
				</div>]]>
			</phrase>
			<phrase name="setting_oneallsociallogin_provider_tumblr_title" date="0" username="OneAll" version="1.0.0"></phrase>
			<phrase name="setting_oneallsociallogin_provider_tumblr_desc" date="0" username="OneAll" version="1.0.0">
				<![CDATA[<div class="oneallsociallogin_provider_setting">
					<span class="oneallsociallogin_provider oneallsociallogin_provider_tumblr"></span>
					<span class="oneallsociallogin_provider_setting_caption">Enable Tumblr?</span>
				</div>]]>
			</phrase>
			<phrase name="setting_oneallsociallogin_provider_twitch_title" date="0" username="OneAll" version="1.0.0"></phrase>
			<phrase name="setting_oneallsociallogin_provider_twitch_desc" date="0" username="OneAll" version="1.0.0">
				<![CDATA[<div class="oneallsociallogin_provider_setting">
					<span class="oneallsociallogin_provider oneallsociallogin_provider_twitch"></span>
					<span class="oneallsociallogin_provider_setting_caption">Enable Twitch.tv?</span>
				</div>]]>
			</phrase>
			<phrase name="setting_oneallsociallogin_provider_twitter_title" date="0" username="OneAll" version="1.0.0"></phrase>
			<phrase name="setting_oneallsociallogin_provider_twitter_desc" date="0" username="OneAll" version="1.0.0">
				<![CDATA[<div class="oneallsociallogin_provider_setting">
					<span class="oneallsociallogin_provider oneallsociallogin_provider_twitter"></span>
					<span class="oneallsociallogin_provider_setting_caption">Enable Twitter?</span>
				</div>]]>
			</phrase>
			<phrase name="setting_oneallsociallogin_provider_vimeo_title" date="0" username="OneAll" version="1.0.0"></phrase>
			<phrase name="setting_oneallsociallogin_provider_vimeo_desc" date="0" username="OneAll" version="1.0.0">
				<![CDATA[<div class="oneallsociallogin_provider_setting">
					<span class="oneallsociallogin_provider oneallsociallogin_provider_vimeo"></span>
					<span class="oneallsociallogin_provider_setting_caption">Enable Vimeo?</span>
				</div>]]>
			</phrase>
			<phrase name="setting_oneallsociallogin_provider_vkontakte_title" date="0" username="OneAll" version="1.0.0"></phrase>
			<phrase name="setting_oneallsociallogin_provider_vkontakte_desc" date="0" username="OneAll" version="1.0.0">
				<![CDATA[<div class="oneallsociallogin_provider_setting">
					<span class="oneallsociallogin_provider oneallsociallogin_provider_vkontakte"></span>
					<span class="oneallsociallogin_provider_setting_caption">Enable VKontakte?</span>
				</div>]]>
			</phrase>
			<phrase name="setting_oneallsociallogin_provider_weibo_title" date="0" username="OneAll" version="1.0.0"></phrase>
			<phrase name="setting_oneallsociallogin_provider_weibo_desc" date="0" username="OneAll" version="1.0.0">
				<![CDATA[<div class="oneallsociallogin_provider_setting">
					<span class="oneallsociallogin_provider oneallsociallogin_provider_weibo"></span>
					<span class="oneallsociallogin_provider_setting_caption">Enable Weibo?</span>
				</div>]]>
			</phrase>
			<phrase name="setting_oneallsociallogin_provider_windowslive_title" date="0" username="OneAll" version="1.0.0"></phrase>
			<phrase name="setting_oneallsociallogin_provider_windowslive_desc" date="0" username="OneAll" version="1.0.0">
				<![CDATA[<div class="oneallsociallogin_provider_setting">
					<span class="oneallsociallogin_provider oneallsociallogin_provider_windowslive"></span>
					<span class="oneallsociallogin_provider_setting_caption">Enable Windows Live?</span>
				</div>]]>
			</phrase>
			<phrase name="setting_oneallsociallogin_provider_wordpress_title" date="0" username="OneAll" version="1.0.0"></phrase>
			<phrase name="setting_oneallsociallogin_provider_wordpress_desc" date="0" username="OneAll" version="1.0.0">
				<![CDATA[<div class="oneallsociallogin_provider_setting">
					<span class="oneallsociallogin_provider oneallsociallogin_provider_wordpress"></span>
					<span class="oneallsociallogin_provider_setting_caption">Enable WordPress.com?</span>
				</div>]]>
			</phrase>
			<phrase name="setting_oneallsociallogin_provider_xing_title" date="0" username="OneAll" version="1.0.0"></phrase>
			<phrase name="setting_oneallsociallogin_provider_xing_desc" date="0" username="OneAll" version="1.0.0">
				<![CDATA[<div class="oneallsociallogin_provider_setting">
					<span class="oneallsociallogin_provider oneallsociallogin_provider_xing"></span>
					<span class="oneallsociallogin_provider_setting_caption">Enable Xing?</span>
				</div>]]>
			</phrase>
			<phrase name="setting_oneallsociallogin_provider_yahoo_title" date="0" username="OneAll" version="1.0.0"></phrase>
			<phrase name="setting_oneallsociallogin_provider_yahoo_desc" date="0" username="OneAll" version="1.0.0">
				<![CDATA[<div class="oneallsociallogin_provider_setting">
					<span class="oneallsociallogin_provider oneallsociallogin_provider_yahoo"></span>
					<span class="oneallsociallogin_provider_setting_caption">Enable Yahoo?</span>
				</div>]]>
			</phrase>
			<phrase name="setting_oneallsociallogin_provider_youtube_title" date="0" username="OneAll" version="1.0.0"></phrase>
			<phrase name="setting_oneallsociallogin_provider_youtube_desc" date="0" username="OneAll" version="1.0.0">
				<![CDATA[<div class="oneallsociallogin_provider_setting">
					<span class="oneallsociallogin_provider oneallsociallogin_provider_youtube"></span>
					<span class="oneallsociallogin_provider_setting_caption">Enable YouTube?</span>
				</div>]]>
			</phrase>
		</phrasetype>
	</phrases>
	
	<options>
	
		<settinggroup name="oneallsociallogin_login" displayorder="65539">		
			<setting varname="oneallsociallogin_enable_social_login" displayorder="10">
				<datatype>boolean</datatype>
				<optioncode>yesno</optioncode>
				<defaultvalue>1</defaultvalue>
			</setting>			
			<setting varname="oneallsociallogin_social_login_caption" displayorder="11">
				<datatype>free</datatype>
				<defaultvalue>Login with your social network account</defaultvalue>
			</setting>	
					
			<setting varname="oneallsociallogin_enable_auto_link" displayorder="20">
				<datatype>boolean</datatype>
				<optioncode>yesno</optioncode>
				<defaultvalue>1</defaultvalue>
			</setting>				
			<setting varname="oneallsociallogin_enable_avatar_upload" displayorder="30">
				<datatype>boolean</datatype>
				<optioncode>yesno</optioncode>
				<defaultvalue>1</defaultvalue>
			</setting>				
		</settinggroup>				
			
		<settinggroup name="oneallsociallogin_link" displayorder="65540">
			<setting varname="oneallsociallogin_enable_social_link" displayorder="10">
				<datatype>boolean</datatype>
				<optioncode>yesno</optioncode>
				<defaultvalue>1</defaultvalue>
			</setting>			
			<setting varname="oneallsociallogin_social_link_caption" displayorder="21">
				<datatype>free</datatype>
				<defaultvalue>Link your social networks accounts to your user account.</defaultvalue>
			</setting>					
		</settinggroup>
		
		<settinggroup name="oneallsociallogin_api" displayorder="65541">
			<setting varname="oneallsociallogin_api_port" displayorder="10">
				<datatype>free</datatype>
				<optioncode>
					<![CDATA[		
						<label for=\"rb_setting[oneallsociallogin_api_port]443\">
							<input type=\"radio\" name=\"setting[oneallsociallogin_api_port]\" id=\"oneallsociallogin_api_port_443\" value=\"443\" " . ($setting['value'] == '443' ? ' checked="checked"' : '') . " />443 - Using port 443 is recommended but you might have to install OpenSSL on your server.
						</label><br />
						<label for=\"rb_setting[oneallsociallogin_api_port]80\">
							<input type=\"radio\" name=\"setting[oneallsociallogin_api_port]\" id=\"oneallsociallogin_api_port_80\" value=\"80\" " . ($setting['value'] == '80' ? ' checked="checked"' : '') . " />80 - Using port 80 is a bit faster, does not need OpenSSL but is less secure.
						</label>
					]]>
				</optioncode>
				<defaultvalue>443</defaultvalue>
			</setting>
			<setting varname="oneallsociallogin_api_connector" displayorder="20">
				<datatype>free</datatype>
				<optioncode>
					<![CDATA[
						<label for=\"oneallsociallogin_api_connector_curl\">
							<input type=\"radio\" name=\"setting[oneallsociallogin_api_connector]\" id=\"oneallsociallogin_api_connector_curl\" value=\"curl\" " . ($setting['value'] == 'curl' ? ' checked="checked"' : '') . " /> CURL - Using CURL is recommended but it might be disabled on some servers.
						</label><br />
						<label for=\"rb_setting[oneallsociallogin_api_connector]fsockopen\">
							<input type=\"radio\" name=\"setting[oneallsociallogin_api_connector]\" id=\"oneallsociallogin_api_connector_fsockopen\"  value=\"fsockopen\" " . ($setting['value'] == 'fsockopen' ? ' checked="checked"' : '') . " /> FSOCKOPEN - Select FSOCKOPEN if you encounter any problems with CURL.
						</label>
					]]>
				</optioncode>
				<defaultvalue>curl</defaultvalue>
			</setting>
			<setting varname="oneallsociallogin_api_autodetect" displayorder="30">
				<datatype>free</datatype>
				<optioncode><![CDATA[
					<button id='oneallsociallogin_api_autodetect_button' type='button'>Autodetect Connection Settings</button>
					<div id='oneallsociallogin_api_autodetect_result'></div>	
					
    				<script type='text/javascript'>
    				
    					$( document ).ready(function() { 
    						$('head').append('<link href=\"./core/packages/oneallsociallogin/include/assets/css/backend.css\" rel=\"stylesheet\" type=\"text/css\" />');
    					});
    				    				
						/* Autodetect API Connection Handler */
						$('#oneallsociallogin_api_autodetect_button').click(function() {			
							var button = this;
							
							if ($(button).hasClass('working') === false) {			
								$(button).addClass('working');			
						
								var message_container = $('#oneallsociallogin_api_autodetect_result');																							
								message_container.html('Detecting API Connection Settings. Please wait ...');
								message_container.css('color', 'black');
								message_container.css('font-weight', 'bold');
								message_container.css('margin-top', '5px');																		
							
								var ajaxurl = '/core/packages/oneallsociallogin/oneallsociallogin.php?do=autodetect';
								var data = {};			
			
								$.post(ajaxurl, data, function(response_string) {				
									var response_parts = response_string.split('|');
									var response_status = response_parts[0];
									var response_flag = response_parts[1];
									var response_text = response_parts[2];
			
									/* CURL/FSOCKOPEN Radio Box */
									var radio_curl = $('#oneallsociallogin_api_connector_curl');
									var radio_fsockopen = $('#oneallsociallogin_api_connector_fsockopen');
									var radio_port_80 = $('#oneallsociallogin_api_port_80');
									var radio_port_443 = $('#oneallsociallogin_api_port_443');
			
									/* Disable Selection */
									radio_curl.removeAttr('checked');
									radio_fsockopen.removeAttr('checked');
									radio_port_80.removeAttr('checked');
									radio_port_443.removeAttr('checked');
			
									/* CURL detected, HTTPS */
									if (response_flag == 'curl_443') {
										radio_curl.prop('checked', true);
										radio_port_443.prop('checked', true);
									}
									/* CURL detected, HTTP */
									else if (response_flag == 'curl_80') {
										radio_curl.prop('checked', true);
										radio_port_80.prop('checked', true);
									}
									/* FSOCKOPEN detected, HTTPS */
									else if (response_flag == 'fsockopen_443') {
										radio_fsockopen.prop('checked', true);
										radio_port_443.prop('checked', true);
									}
									/* FSOCKOPEN detected, HTTP */
									else if (response_flag == 'fsockopen_80') {
										radio_fsockopen.prop('checked', true);
										radio_port_80.prop('checked', true);
									}
									/* No handler detected */
									else {
										radio_curl.prop('checked', true);
										radio_port_443.prop('checked', true);
									}		
			
									if (response_status == 'success') {
										message_container.css('color', 'green'); 
										message_container.html(response_text);
									} else {
										message_container.css('color', 'red'); 
										message_container.html(response_text);
									}
			
									$(button).removeClass('working');
								});
							}
							return false;
						});		
    				</script>]]>
    			</optioncode>
			</setting>
			<setting varname="oneallsociallogin_api_subdomain" displayorder="40">
				<datatype>free</datatype>
				<optioncode>
					<![CDATA[<input type=\"text\" size=\"40\" value=\"$setting[value]\" id=\"oneallsociallogin_api_subdomain\" name=\"setting[oneallsociallogin_api_subdomain]\" class=\"bginput\" />]]>
				</optioncode>				
			</setting>			
			<setting varname="oneallsociallogin_api_key" displayorder="50">			
				<datatype>free</datatype>
				<optioncode>
					<![CDATA[<input type=\"text\" size=\"40\" value=\"$setting[value]\" id=\"oneallsociallogin_api_key\" name=\"setting[oneallsociallogin_api_key]\" class=\"bginput\" />]]>
				</optioncode>
			</setting>			
			<setting varname="oneallsociallogin_api_secret" displayorder="60">
				<datatype>free</datatype>
				<optioncode>
					<![CDATA[<input type=\"text\" size=\"40\" value=\"$setting[value]\" id=\"oneallsociallogin_api_secret\" name=\"setting[oneallsociallogin_api_secret]\" class=\"bginput\" />]]>
				</optioncode>
			</setting>			
			<setting varname="oneallsociallogin_api_verify" displayorder="70">
				<datatype>free</datatype>
				<optioncode><![CDATA[
					<button id='oneallsociallogin_api_verify_button' type='button'>Verify API Settings</button>
    			 	<div id='oneallsociallogin_api_verify_result'></div>
 
   					 <script language='javascript'>
   					 
   					 	/* Verify API Settings */
   					 	$('#oneallsociallogin_api_verify_button').click(function() {
   					 		var button = this;
   					 		
   					 		if ($(button).hasClass('working') === false) {			
								$(button).addClass('working');	
																
								var message_container = $('#oneallsociallogin_api_verify_result');																							
								message_container.html('Verifying API Settings. Please wait ...');
								message_container.css('color', 'black');
								message_container.css('font-weight', 'bold');
								message_container.css('margin-top', '5px');	
								
								var ajaxurl = '/core/packages/oneallsociallogin/oneallsociallogin.php?do=verify';
								var data = {
									'api_key': ($('#oneallsociallogin_api_key').val()),
									'api_secret': ($('#oneallsociallogin_api_secret').val()),
									'api_subdomain': ($('#oneallsociallogin_api_subdomain').val()),
									'api_connector': ($('#oneallsociallogin_api_connector_fsockopen').prop('checked') ? 'fsockopen' : 'curl'),
									'api_port': ($('#oneallsociallogin_api_port_80').prop('checked') ? 80 : 443)
								};			
			
								$.post(ajaxurl, data, function(response_string) {
								console.log(	response_string);
									var response_parts = response_string.split('|');
									var response_status = response_parts[0];
									var response_flag = response_parts[1];
									var response_text = response_parts[2];								
									
									if (response_status == 'success') {
										message_container.css('color', 'green'); 
										message_container.html(response_text);
									} else {
										message_container.css('color', 'red'); 
										message_container.html(response_text);
									}
									
									$(button).removeClass('working');		
								});												
							}   	
							return false;				 	
   					 	});       
    				</script>]]>
    			</optioncode>
			</setting>
		</settinggroup>		
		
		<settinggroup name="oneallsociallogin_providers" displayorder="65541">		
			<setting varname="oneallsociallogin_provider_amazon" displayorder="10">
				<datatype>boolean</datatype>
				<optioncode>yesno</optioncode>
				<defaultvalue>0</defaultvalue>
			</setting>
			<setting varname="oneallsociallogin_provider_battlenet" displayorder="20">
				<datatype>boolean</datatype>
				<optioncode>yesno</optioncode>
				<defaultvalue>0</defaultvalue>
			</setting>
			<setting varname="oneallsociallogin_provider_blogger" displayorder="30">
				<datatype>boolean</datatype>
				<optioncode>yesno</optioncode>
				<defaultvalue>0</defaultvalue>
			</setting>
			<setting varname="oneallsociallogin_provider_discord" displayorder="40">
				<datatype>boolean</datatype>
				<optioncode>yesno</optioncode>
				<defaultvalue>0</defaultvalue>
			</setting>
			<setting varname="oneallsociallogin_provider_disqus" displayorder="40">
				<datatype>boolean</datatype>
				<optioncode>yesno</optioncode>
				<defaultvalue>0</defaultvalue>
			</setting>
			<setting varname="oneallsociallogin_provider_draugiem" displayorder="50">
				<datatype>boolean</datatype>
				<optioncode>yesno</optioncode>
				<defaultvalue>0</defaultvalue>
			</setting>
			<setting varname="oneallsociallogin_provider_dribbble" displayorder="50">
				<datatype>boolean</datatype>
				<optioncode>yesno</optioncode>
				<defaultvalue>0</defaultvalue>
			</setting>
			<setting varname="oneallsociallogin_provider_facebook" displayorder="60">
				<datatype>boolean</datatype>
				<optioncode>yesno</optioncode>
				<defaultvalue>1</defaultvalue>
			</setting>
			<setting varname="oneallsociallogin_provider_foursquare" displayorder="70">
				<datatype>boolean</datatype>
				<optioncode>yesno</optioncode>
				<defaultvalue>0</defaultvalue>
			</setting>
			<setting varname="oneallsociallogin_provider_github" displayorder="80">
				<datatype>boolean</datatype>
				<optioncode>yesno</optioncode>
				<defaultvalue>0</defaultvalue>
			</setting>
			<setting varname="oneallsociallogin_provider_google" displayorder="90">
				<datatype>boolean</datatype>
				<optioncode>yesno</optioncode>
				<defaultvalue>1</defaultvalue>
			</setting>
			<setting varname="oneallsociallogin_provider_instagram" displayorder="100">
				<datatype>boolean</datatype>
				<optioncode>yesno</optioncode>
				<defaultvalue>0</defaultvalue>
			</setting>
			<setting varname="oneallsociallogin_provider_line" displayorder="110">
				<datatype>boolean</datatype>
				<optioncode>yesno</optioncode>
				<defaultvalue>0</defaultvalue>
			</setting>
			<setting varname="oneallsociallogin_provider_linkedin" displayorder="110">
				<datatype>boolean</datatype>
				<optioncode>yesno</optioncode>
				<defaultvalue>1</defaultvalue>
			</setting>
			<setting varname="oneallsociallogin_provider_livejournal" displayorder="120">
				<datatype>boolean</datatype>
				<optioncode>yesno</optioncode>
				<defaultvalue>0</defaultvalue>
			</setting>
			<setting varname="oneallsociallogin_provider_mailru" displayorder="130">
				<datatype>boolean</datatype>
				<optioncode>yesno</optioncode>
				<defaultvalue>0</defaultvalue>
			</setting>
			<setting varname="oneallsociallogin_provider_meetup" displayorder="130">
				<datatype>boolean</datatype>
				<optioncode>yesno</optioncode>
				<defaultvalue>0</defaultvalue>
			</setting>
			<setting varname="oneallsociallogin_provider_mixer" displayorder="135">
				<datatype>boolean</datatype>
				<optioncode>yesno</optioncode>
				<defaultvalue>0</defaultvalue>
			</setting>
			<setting varname="oneallsociallogin_provider_odnoklassniki" displayorder="140">
				<datatype>boolean</datatype>
				<optioncode>yesno</optioncode>
				<defaultvalue>0</defaultvalue>
			</setting>
			<setting varname="oneallsociallogin_provider_openid" displayorder="150">
				<datatype>boolean</datatype>
				<optioncode>yesno</optioncode>
				<defaultvalue>0</defaultvalue>
			</setting>
			<setting varname="oneallsociallogin_provider_patreon" displayorder="160">
				<datatype>boolean</datatype>
				<optioncode>yesno</optioncode>
				<defaultvalue>0</defaultvalue>
			</setting>
			<setting varname="oneallsociallogin_provider_paypal" displayorder="160">
				<datatype>boolean</datatype>
				<optioncode>yesno</optioncode>
				<defaultvalue>0</defaultvalue>
			</setting>
			<setting varname="oneallsociallogin_provider_pinterest" displayorder="160">
				<datatype>boolean</datatype>
				<optioncode>yesno</optioncode>
				<defaultvalue>0</defaultvalue>
			</setting>
			<setting varname="oneallsociallogin_provider_pixelpin" displayorder="160">
				<datatype>boolean</datatype>
				<optioncode>yesno</optioncode>
				<defaultvalue>0</defaultvalue>
			</setting>
			<setting varname="oneallsociallogin_provider_reddit" displayorder="170">
				<datatype>boolean</datatype>
				<optioncode>yesno</optioncode>
				<defaultvalue>0</defaultvalue>
			</setting>
			<setting varname="oneallsociallogin_provider_skyrock" displayorder="180">
				<datatype>boolean</datatype>
				<optioncode>yesno</optioncode>
				<defaultvalue>0</defaultvalue>
			</setting>
			<setting varname="oneallsociallogin_provider_soundcloud" displayorder="190">
				<datatype>boolean</datatype>
				<optioncode>yesno</optioncode>
				<defaultvalue>0</defaultvalue>
			</setting>
			<setting varname="oneallsociallogin_provider_stackexchange" displayorder="190">
				<datatype>boolean</datatype>
				<optioncode>yesno</optioncode>
				<defaultvalue>0</defaultvalue>
			</setting>
			<setting varname="oneallsociallogin_provider_steam" displayorder="200">
				<datatype>boolean</datatype>
				<optioncode>yesno</optioncode>
				<defaultvalue>0</defaultvalue>
			</setting>
			<setting varname="oneallsociallogin_provider_tumblr" displayorder="210">
				<datatype>boolean</datatype>
				<optioncode>yesno</optioncode>
				<defaultvalue>0</defaultvalue>
			</setting>
			<setting varname="oneallsociallogin_provider_twitch" displayorder="220">
				<datatype>boolean</datatype>
				<optioncode>yesno</optioncode>
				<defaultvalue>0</defaultvalue>
			</setting>
			<setting varname="oneallsociallogin_provider_twitter" displayorder="230">
				<datatype>boolean</datatype>
				<optioncode>yesno</optioncode>
				<defaultvalue>1</defaultvalue>
			</setting>
			<setting varname="oneallsociallogin_provider_vimeo" displayorder="240">
				<datatype>boolean</datatype>
				<optioncode>yesno</optioncode>
				<defaultvalue>0</defaultvalue>
			</setting>
			<setting varname="oneallsociallogin_provider_vkontakte" displayorder="250">
				<datatype>boolean</datatype>
				<optioncode>yesno</optioncode>
				<defaultvalue>0</defaultvalue>
			</setting>
			<setting varname="oneallsociallogin_provider_weibo" displayorder="260">
				<datatype>boolean</datatype>
				<optioncode>yesno</optioncode>
				<defaultvalue>0</defaultvalue>
			</setting>
			<setting varname="oneallsociallogin_provider_windowslive" displayorder="270">
				<datatype>boolean</datatype>
				<optioncode>yesno</optioncode>
				<defaultvalue>0</defaultvalue>
			</setting>
			<setting varname="oneallsociallogin_provider_wordpress" displayorder="280">
				<datatype>boolean</datatype>
				<optioncode>yesno</optioncode>
				<defaultvalue>0</defaultvalue>
			</setting>
			<setting varname="oneallsociallogin_provider_xing" displayorder="290">
				<datatype>boolean</datatype>
				<optioncode>yesno</optioncode>
				<defaultvalue>0</defaultvalue>
			</setting>
			<setting varname="oneallsociallogin_provider_yahoo" displayorder="300">
				<datatype>boolean</datatype>
				<optioncode>yesno</optioncode>
				<defaultvalue>0</defaultvalue>
			</setting>
			<setting varname="oneallsociallogin_provider_youtube" displayorder="310">
				<datatype>boolean</datatype>
				<optioncode>yesno</optioncode>
				<defaultvalue>0</defaultvalue>
			</setting>			
		</settinggroup>		 
	</options>
</product>
